transaction_id,timestamp,amount,merchant_category,customer_age,account_age_days,transaction_count_24h,region,device_type,is_international,is_fraud
T000000,2025-01-01 00:00:00,,Retail,45,2954,5,South,Desktop,0,0
T000001,2025-01-01 01:00:00,301.0121430917521,Online,24,1834,4,North,Mobile,0,0
T000002,2025-01-01 02:00:00,131.67456935454493,Food,52,2368,4,South,Mobile,0,0
T000003,2025-01-01 03:00:00,,Services,72,126,4,South,Mobile,0,1
T000004,2025-01-01 04:00:00,16.962487046234628,Food,45,277,5,East,Tablet,1,0
T000005,2025-01-01 05:00:00,16.959629191460518,Services,31,2000,1,South,Mobile,1,0
T000006,2025-01-01 06:00:00,5.983876860868068,Services,73,1228,1,South,Mobile,0,0
T000007,2025-01-01 07:00:00,201.12308644799396,Food,27,2242,2,South,Mobile,1,0
T000008,2025-01-01 08:00:00,91.90821536272645,Retail,33,3619,3,North,Desktop,1,0
T000009,2025-01-01 09:00:00,123.12500617045903,Online,33,696,3,West,Mobile,1,0
T000010,2025-01-01 10:00:00,2.0799307999138623,Retail,-1,1310,3,East,Mobile,1,0
T000011,2025-01-01 11:00:00,350.3557475158312,Travel,48,57,3,North,Mobile,0,0
T000012,2025-01-01 12:00:00,178.6429543354675,Travel,59,3375,4,North,Desktop,1,0
T000013,2025-01-01 13:00:00,,Retail,42,3235,3,West,Mobile,1,0
T000014,2025-01-01 14:00:00,20.067898874966335,Services,30,19,6,North,Mobile,1,0
T000015,2025-01-01 15:00:00,20.261142283225706,Travel,23,3442,2,West,Mobile,0,0
T000016,2025-01-01 16:00:00,36.27537294604771,Retail,61,2312,3,North,Mobile,1,0
T000017,2025-01-01 17:00:00,74.39278308608544,Services,26,2842,3,West,Desktop,0,0
T000018,2025-01-01 18:00:00,56.55370667803366,Travel,62,113,2,West,Mobile,0,0
T000019,2025-01-01 19:00:00,,Retail,53,3560,0,East,Tablet,0,0
T000020,2025-01-01 20:00:00,94.63708738997987,Services,73,3399,2,North,Tablet,0,1
T000021,2025-01-01 21:00:00,15.023452872733866,Retail,60,542,8,South,Mobile,1,0
T000022,2025-01-01 22:00:00,34.551551200240226,Travel,37,2695,4,South,Desktop,0,1
T000023,2025-01-01 23:00:00,45.6277218220847,Travel,35,579,3,South,Desktop,0,1
T000024,2025-01-02 00:00:00,,Travel,75,1089,4,South,Desktop,0,0
T000025,2025-01-02 01:00:00,153.7936011030912,Online,60,3364,3,North,Mobile,0,0
T000026,2025-01-02 02:00:00,22.273586212869027,Food,74,25,5,East,Mobile,0,0
T000027,2025-01-02 03:00:00,72.20291550331277,Food,38,1573,2,East,Mobile,1,0
T000028,2025-01-02 04:00:00,89.75047213097605,Online,21,2049,3,South,Desktop,0,0
T000029,2025-01-02 05:00:00,4.756384975640855,Food,67,2959,5,North,Mobile,1,0
T000030,2025-01-02 06:00:00,93.533302064961,Retail,50,1573,3,West,Mobile,1,0
T000031,2025-01-02 07:00:00,18.696125197741644,Services,44,141,3,South,Mobile,0,1
T000032,2025-01-02 08:00:00,6.726393087930424,Retail,24,1768,2,West,Mobile,1,0
T000033,2025-01-02 09:00:00,297.3687793506931,Retail,23,648,2,South,Mobile,1,0
T000034,2025-01-02 10:00:00,337.06303424611724,Retail,32,2236,2,North,Mobile,1,0
T000035,2025-01-02 11:00:00,165.23315728128767,Services,35,3200,7,South,Mobile,0,0
T000036,2025-01-02 12:00:00,36.32878599687583,Online,49,201,3,South,Tablet,0,0
T000037,2025-01-02 13:00:00,,Services,73,3199,1,West,Mobile,0,0
T000038,2025-01-02 14:00:00,,Retail,28,257,7,East,Desktop,0,0
T000039,2025-01-02 15:00:00,,Online,37,547,8,South,Mobile,0,1
T000040,2025-01-02 16:00:00,13.015223395444863,Online,41,2242,6,West,Mobile,0,0
T000041,2025-01-02 17:00:00,68.35472281341501,Food,32,2751,3,South,Desktop,0,0
T000042,2025-01-02 18:00:00,3.4993721443479084,Online,65,3176,4,West,Desktop,1,0
T000043,2025-01-02 19:00:00,240.04228873930236,Services,24,3607,1,West,Mobile,1,0
T000044,2025-01-02 20:00:00,29.94577768406861,Food,38,3337,2,North,Tablet,0,0
T000045,2025-01-02 21:00:00,108.62557985649804,Services,59,802,2,South,Tablet,1,0
T000046,2025-01-02 22:00:00,37.354658165762366,Retail,43,942,4,South,Tablet,0,0
T000047,2025-01-02 23:00:00,73.41108959092286,Retail,61,3456,5,East,Mobile,0,0
T000048,2025-01-03 00:00:00,79.12237979817975,Food,73,3332,0,East,Mobile,0,0
T000049,2025-01-03 01:00:00,20.438859950790576,Retail,31,414,1,West,Desktop,1,0
T000050,2025-01-03 02:00:00,349.28071327362267,Food,74,2015,4,East,Desktop,0,0
T000051,2025-01-03 03:00:00,149.22453771381407,Online,54,1382,0,North,Mobile,0,0
T000052,2025-01-03 04:00:00,280.50944192915824,Travel,75,1099,5,North,Desktop,0,0
T000053,2025-01-03 05:00:00,,Food,38,3427,2,East,Mobile,0,0
T000054,2025-01-03 06:00:00,91.1054412383275,Travel,35,910,0,North,Mobile,1,1
T000055,2025-01-03 07:00:00,254.9435379269405,Online,22,188,4,West,Mobile,0,0
T000056,2025-01-03 08:00:00,9.265545895311563,Food,20,2016,2,South,Desktop,1,0
T000057,2025-01-03 09:00:00,21.813469463126744,Online,40,1314,3,South,Mobile,1,0
T000058,2025-01-03 10:00:00,4.628196568683196,Online,43,2093,2,North,Desktop,0,0
T000059,2025-01-03 11:00:00,39.35320868030868,Services,54,3645,4,East,Mobile,0,0
T000060,2025-01-03 12:00:00,49.21302917942186,Food,41,2131,4,North,Desktop,1,0
T000061,2025-01-03 13:00:00,31.65604432088257,Travel,66,1147,2,West,Tablet,1,0
T000062,2025-01-03 14:00:00,176.45578652409338,Food,36,358,7,South,Desktop,1,0
T000063,2025-01-03 15:00:00,44.12269995298701,Online,68,1552,4,West,Tablet,1,0
T000064,2025-01-03 16:00:00,32.98028401342492,Online,42,1090,4,East,Mobile,0,0
T000065,2025-01-03 17:00:00,78.2407083207746,Services,38,2984,5,North,Mobile,1,0
T000066,2025-01-03 18:00:00,15.189814782062886,Retail,29,1681,7,West,Mobile,1,0
T000067,2025-01-03 19:00:00,162.04835957747312,Retail,74,2423,2,North,Mobile,1,0
T000068,2025-01-03 20:00:00,7.747586881130901,Online,78,162,7,South,Desktop,1,0
T000069,2025-01-03 21:00:00,433.41463395873194,Retail,58,3452,4,North,Mobile,0,1
T000070,2025-01-03 22:00:00,147.94837762415114,Retail,50,3430,9,West,Mobile,0,1
T000071,2025-01-03 23:00:00,,Retail,67,3260,3,West,Mobile,0,0
T000072,2025-01-04 00:00:00,0.5537420375935475,Retail,70,2370,4,East,Mobile,1,0
T000073,2025-01-04 01:00:00,168.9896777486126,Retail,21,450,1,East,Mobile,1,0
T000074,2025-01-04 02:00:00,122.70959073870446,Travel,59,1498,0,West,Desktop,0,0
T000075,2025-01-04 03:00:00,130.5662908787999,Online,74,unknown,0,North,Mobile,0,0
T000076,2025-01-04 04:00:00,,Online,24,2232,3,West,Mobile,1,0
T000077,2025-01-04 05:00:00,7.692926551379635,Services,39,2159,1,North,Desktop,0,0
T000078,2025-01-04 06:00:00,44.38926724162325,Retail,72,1951,4,West,Desktop,1,0
T000079,2025-01-04 07:00:00,12.315010460444965,Travel,50,2556,3,East,Mobile,1,0
T000080,2025-01-04 08:00:00,198.85295716582226,Food,34,1314,4,West,Desktop,1,0
T000081,2025-01-04 09:00:00,97.63011917123741,Retail,41,2343,4,East,Mobile,1,0
T000082,2025-01-04 10:00:00,40.1818801251301,Online,78,3523,7,South,Mobile,1,0
T000083,2025-01-04 11:00:00,6.566806580478289,Food,78,2952,3,East,Mobile,1,0
T000084,2025-01-04 12:00:00,,Travel,51,1239,2,North,Mobile,0,0
T000085,2025-01-04 13:00:00,39.331421318413135,Online,45,974,4,East,Desktop,0,0
T000086,2025-01-04 14:00:00,130.7875783957741,Services,75,632,0,East,Mobile,0,0
T000087,2025-01-04 15:00:00,,Retail,60,1591,3,West,Mobile,1,0
T000088,2025-01-04 16:00:00,,Travel,58,1051,1,East,Desktop,0,1
T000089,2025-01-04 17:00:00,63.90661333763098,Retail,56,2781,2,North,Mobile,1,0
T000090,2025-01-04 18:00:00,,Travel,39,3303,8,South,Mobile,1,0
T000091,2025-01-04 19:00:00,124.91263443165994,Services,66,1589,2,East,Desktop,1,0
T000092,2025-01-04 20:00:00,143.0392753076864,Services,34,2369,1,North,Mobile,1,1
T000093,2025-01-04 21:00:00,,Online,51,2961,3,South,Desktop,0,0
T000094,2025-01-04 22:00:00,147.38899667213644,Retail,-1,3305,6,West,Mobile,0,0
T000095,2025-01-04 23:00:00,68.0814731510278,Retail,63,1694,2,East,Desktop,0,0
T000096,2025-01-05 00:00:00,73.9678838777267,Retail,23,437,5,East,Mobile,1,0
T000097,2025-01-05 01:00:00,,Retail,51,2829,1,South,Desktop,0,0
T000098,2025-01-05 02:00:00,,Food,18,1557,4,East,Mobile,0,0
T000099,2025-01-05 03:00:00,11.416743519186584,Online,27,3475,3,South,Desktop,0,0
T000100,2025-01-05 04:00:00,3.1933681293053824,Retail,-1,unknown,1,East,Mobile,1,0
T000101,2025-01-05 05:00:00,,Travel,22,3385,2,North,Mobile,0,0
T000102,2025-01-05 06:00:00,,Food,19,1305,3,West,Mobile,1,0
T000103,2025-01-05 07:00:00,71.04371771341901,Travel,39,2774,0,South,Desktop,0,1
T000104,2025-01-05 08:00:00,238.12655298459754,Travel,65,2079,1,South,Tablet,1,0
T000105,2025-01-05 09:00:00,28.673882298329833,Retail,74,2385,2,East,Mobile,0,0
T000106,2025-01-05 10:00:00,52.82819748826726,Online,19,183,3,East,Mobile,0,0
T000107,2025-01-05 11:00:00,140.87491475385835,Food,27,3095,4,North,Desktop,0,0
T000108,2025-01-05 12:00:00,25.980515691739402,Services,51,2592,2,West,Mobile,1,0
T000109,2025-01-05 13:00:00,8.010427855017637,Retail,33,1470,4,South,Tablet,0,1
T000110,2025-01-05 14:00:00,34.21403038870571,Food,65,3146,3,West,Desktop,0,0
T000111,2025-01-05 15:00:00,,Retail,68,3082,4,West,Desktop,1,0
T000112,2025-01-05 16:00:00,265.4950085880625,Retail,78,3556,3,South,Mobile,1,0
T000113,2025-01-05 17:00:00,165.08870804845694,Online,56,1480,4,West,Mobile,1,0
T000114,2025-01-05 18:00:00,100.34941905205311,Services,39,1590,0,South,Desktop,1,1
T000115,2025-01-05 19:00:00,,Services,29,1588,4,North,Tablet,0,0
T000116,2025-01-05 20:00:00,162.79689407405564,Retail,41,660,5,West,Tablet,0,0
T000117,2025-01-05 21:00:00,20.649547635863907,Food,64,160,2,East,Mobile,1,0
T000118,2025-01-05 22:00:00,223.0813405235561,Retail,57,3086,7,South,Mobile,0,1
T000119,2025-01-05 23:00:00,77.5099901966172,Retail,55,3250,6,South,Mobile,1,0
T000120,2025-01-06 00:00:00,,Food,77,2460,2,South,Desktop,0,0
T000121,2025-01-06 01:00:00,226.42426492862313,Travel,76,1012,6,West,Mobile,1,0
T000122,2025-01-06 02:00:00,38.27307164183185,Food,27,53,5,North,Mobile,0,0
T000123,2025-01-06 03:00:00,,Food,52,2456,4,South,Mobile,1,0
T000124,2025-01-06 04:00:00,25.868674613938136,Services,68,2895,3,South,Mobile,1,0
T000125,2025-01-06 05:00:00,55.70576927486144,Services,66,1046,3,South,Tablet,0,1
T000126,2025-01-06 06:00:00,170.3829726638945,Retail,49,1054,2,South,Mobile,0,1
T000127,2025-01-06 07:00:00,197.13449718798333,Online,24,2751,2,North,Mobile,0,0
T000128,2025-01-06 08:00:00,0.6976409181650647,Online,38,2308,7,North,Mobile,1,0
T000129,2025-01-06 09:00:00,71.48761593385558,Retail,37,1229,7,South,Mobile,0,0
T000130,2025-01-06 10:00:00,54.02733209186713,Services,43,3131,4,West,Mobile,1,0
T000131,2025-01-06 11:00:00,25.11673382758245,Online,150,1495,3,North,Mobile,0,0
T000132,2025-01-06 12:00:00,,Retail,63,2824,3,West,Desktop,0,0
T000133,2025-01-06 13:00:00,41.190857986243245,Retail,69,1490,6,West,Mobile,1,0
T000134,2025-01-06 14:00:00,286.31211226911495,Services,39,1036,5,West,Mobile,1,0
T000135,2025-01-06 15:00:00,39.03838028814744,Retail,32,1951,2,West,Mobile,0,0
T000136,2025-01-06 16:00:00,73.1452805760152,Food,73,3362,3,South,Desktop,1,0
T000137,2025-01-06 17:00:00,121.40869768808548,Online,57,850,6,North,Mobile,1,0
T000138,2025-01-06 18:00:00,,Online,38,354,1,South,Desktop,0,1
T000139,2025-01-06 19:00:00,356.77981382916994,Services,32,1099,2,South,Mobile,1,0
T000140,2025-01-06 20:00:00,328.2009864541398,Food,39,2921,1,East,Desktop,0,0
T000141,2025-01-06 21:00:00,29.006129499220528,Online,69,1740,3,East,Mobile,0,0
T000142,2025-01-06 22:00:00,68.76592784638473,Services,45,3633,4,West,Tablet,1,0
T000143,2025-01-06 23:00:00,35.79304600790468,Services,-1,1465,5,North,Mobile,0,0
T000144,2025-01-07 00:00:00,33.52496763810817,Retail,44,991,3,West,Mobile,1,0
T000145,2025-01-07 01:00:00,3.758447776552253,Food,78,1265,2,South,Desktop,0,0
T000146,2025-01-07 02:00:00,94.04920709825932,Food,58,3066,5,South,Mobile,1,1
T000147,2025-01-07 03:00:00,69.85196328296385,Services,57,1885,1,South,Tablet,1,0
T000148,2025-01-07 04:00:00,5.285108738039248,Food,150,3226,3,West,Mobile,1,0
T000149,2025-01-07 05:00:00,,Food,45,1810,2,South,Desktop,1,0
T000150,2025-01-07 06:00:00,238.88609510893403,Services,43,3168,2,West,Desktop,1,0
T000151,2025-01-07 07:00:00,27.386055214207705,Food,66,2342,1,West,Tablet,0,0
T000152,2025-01-07 08:00:00,15.653086098546975,Services,19,2257,1,West,Tablet,0,0
T000153,2025-01-07 09:00:00,67.22721094736363,Services,42,3415,6,North,Desktop,1,0
T000154,2025-01-07 10:00:00,424.40369826152596,Services,73,1112,3,West,Desktop,0,0
T000155,2025-01-07 11:00:00,27.71448135597262,Food,79,818,1,West,Mobile,1,0
T000156,2025-01-07 12:00:00,111.51550102972934,Retail,20,1800,6,North,Mobile,1,0
T000157,2025-01-07 13:00:00,143.3887626239463,Food,25,1961,3,North,Desktop,0,0
T000158,2025-01-07 14:00:00,27.133317233580577,Food,61,2438,4,North,Tablet,0,0
T000159,2025-01-07 15:00:00,130.2748928492316,Retail,-1,2373,0,North,Desktop,1,0
T000160,2025-01-07 16:00:00,45.8522799264304,Food,-1,2988,1,East,Tablet,1,0
T000161,2025-01-07 17:00:00,100.05037477317713,Retail,69,889,3,West,Desktop,1,0
T000162,2025-01-07 18:00:00,,Online,52,1856,4,South,Mobile,1,1
T000163,2025-01-07 19:00:00,76.73852499523488,Services,23,1181,2,East,Mobile,1,0
T000164,2025-01-07 20:00:00,9.462915881162095,Retail,56,668,1,West,Mobile,1,0
T000165,2025-01-07 21:00:00,180.3644794246297,Food,69,633,2,South,Mobile,0,0
T000166,2025-01-07 22:00:00,38.68102936673966,Food,-1,2625,7,West,Mobile,1,0
T000167,2025-01-07 23:00:00,,Online,42,1643,3,East,Tablet,1,0
T000168,2025-01-08 00:00:00,4.1629759794345205,Retail,76,137,1,East,Desktop,0,0
T000169,2025-01-08 01:00:00,89.37784045945834,Retail,67,1947,2,South,Mobile,1,0
T000170,2025-01-08 02:00:00,,Services,60,1698,1,East,Mobile,1,0
T000171,2025-01-08 03:00:00,1.672694755847062,Travel,36,428,4,North,Mobile,0,0
T000172,2025-01-08 04:00:00,71.76305845494883,Services,22,1476,3,West,Mobile,1,0
T000173,2025-01-08 05:00:00,25.682414705495766,Retail,68,2660,3,South,Mobile,0,0
T000174,2025-01-08 06:00:00,,Services,28,2959,3,West,Mobile,1,0
T000175,2025-01-08 07:00:00,19.160422253913374,Online,73,unknown,3,South,Mobile,0,1
T000176,2025-01-08 08:00:00,117.4212527567719,Food,29,2189,4,North,Mobile,0,0
T000177,2025-01-08 09:00:00,48.89587009811018,Retail,27,1107,0,East,Tablet,0,0
T000178,2025-01-08 10:00:00,276.0343817804307,Food,25,2225,2,North,Mobile,1,0
T000179,2025-01-08 11:00:00,14.794441343927895,Online,41,198,3,West,Mobile,1,0
T000180,2025-01-08 12:00:00,41.713243399517175,Travel,77,2672,5,West,Mobile,0,0
T000181,2025-01-08 13:00:00,12.044428503699642,Online,150,3640,3,West,Mobile,0,0
T000182,2025-01-08 14:00:00,258.61903971507235,Services,58,1996,5,North,Desktop,1,0
T000183,2025-01-08 15:00:00,209.8333707160994,Travel,53,2739,5,East,Desktop,1,0
T000184,2025-01-08 16:00:00,29.83273700614889,Retail,54,3493,3,East,Mobile,1,0
T000185,2025-01-08 17:00:00,107.87627390439145,Travel,38,2449,2,West,Desktop,1,0
T000186,2025-01-08 18:00:00,169.94840726392212,Services,25,471,2,North,Mobile,1,0
T000187,2025-01-08 19:00:00,81.01323606865081,Retail,72,2266,2,South,Desktop,0,0
T000188,2025-01-08 20:00:00,75.42794101939461,Online,26,1949,3,East,Mobile,1,0
T000189,2025-01-08 21:00:00,27.687704543790314,Services,64,929,1,North,Mobile,0,0
T000190,2025-01-08 22:00:00,9.772614047494073,Retail,32,2011,3,South,Desktop,1,0
T000191,2025-01-08 23:00:00,227.51232251945228,Services,65,2680,1,South,Desktop,0,0
T000192,2025-01-09 00:00:00,230.67744276484268,Online,-1,2999,0,West,Desktop,0,0
T000193,2025-01-09 01:00:00,100.26699194828848,Services,57,906,5,West,Mobile,1,0
T000194,2025-01-09 02:00:00,41.40465098113239,Retail,35,2223,2,East,Mobile,0,0
T000195,2025-01-09 03:00:00,42.95676158116439,Food,59,23,3,South,Tablet,0,1
T000196,2025-01-09 04:00:00,129.4465429727118,Travel,77,235,3,South,Mobile,0,0
T000197,2025-01-09 05:00:00,227.40973491072523,Travel,-1,3085,6,West,Mobile,0,0
T000198,2025-01-09 06:00:00,218.1132569396613,Services,23,1125,4,West,Mobile,1,0
T000199,2025-01-09 07:00:00,,Retail,29,929,5,West,Mobile,0,0
T000200,2025-01-09 08:00:00,102.7310693567705,Food,19,3608,3,West,Mobile,1,0
T000201,2025-01-09 09:00:00,8.789172619608406,Retail,24,523,2,South,Mobile,0,0
T000202,2025-01-09 10:00:00,17.62942146834115,Retail,33,1809,3,West,Mobile,1,0
T000203,2025-01-09 11:00:00,228.82305001775057,Online,20,3524,5,South,Tablet,1,0
T000204,2025-01-09 12:00:00,,Online,62,431,1,South,Mobile,1,1
T000205,2025-01-09 13:00:00,0.9239605610994409,Food,20,793,2,East,Mobile,0,0
T000206,2025-01-09 14:00:00,10.699690143594932,Services,44,1630,4,North,Mobile,1,0
T000207,2025-01-09 15:00:00,108.9162387290241,Online,67,unknown,2,North,Desktop,1,0
T000208,2025-01-09 16:00:00,,Retail,60,533,3,South,Mobile,0,0
T000209,2025-01-09 17:00:00,17.531581610419906,Travel,57,3027,5,South,Desktop,1,0
T000210,2025-01-09 18:00:00,79.56978461389316,Online,55,1747,3,West,Mobile,0,0
T000211,2025-01-09 19:00:00,117.73152866548126,Online,50,1676,1,North,Desktop,0,0
T000212,2025-01-09 20:00:00,105.54414821352486,Retail,45,1317,3,North,Mobile,1,0
T000213,2025-01-09 21:00:00,25.39498673080245,Food,18,2858,1,North,Mobile,0,0
T000214,2025-01-09 22:00:00,124.54172888985389,Services,72,913,2,North,Desktop,0,0
T000215,2025-01-09 23:00:00,27.082375905280593,Retail,25,1125,2,North,Desktop,0,0
T000216,2025-01-10 00:00:00,39.363490891808446,Retail,54,1526,1,East,Mobile,1,0
T000217,2025-01-10 01:00:00,137.23575516657905,Services,49,1328,1,South,Mobile,0,0
T000218,2025-01-10 02:00:00,104.87738143027681,Services,77,2919,2,West,Mobile,0,0
T000219,2025-01-10 03:00:00,189.1956077463401,Retail,65,2588,7,West,Desktop,0,0
T000220,2025-01-10 04:00:00,107.18132881697625,Travel,60,1024,3,East,Mobile,1,0
T000221,2025-01-10 05:00:00,84.00443055872574,Retail,150,1577,3,North,Mobile,0,0
T000222,2025-01-10 06:00:00,9.835706144841048,Online,21,1379,3,North,Mobile,1,0
T000223,2025-01-10 07:00:00,45.84163072070201,Travel,47,3375,4,West,Desktop,0,0
T000224,2025-01-10 08:00:00,,Online,23,1520,1,East,Desktop,1,0
T000225,2025-01-10 09:00:00,27.970020366242128,Services,63,1682,4,West,Desktop,1,0
T000226,2025-01-10 10:00:00,361.23094061629257,Online,71,1998,2,West,Mobile,1,0
T000227,2025-01-10 11:00:00,49.938749704002376,Retail,36,227,2,West,Tablet,0,0
T000228,2025-01-10 12:00:00,,Travel,-1,1260,0,West,Desktop,0,0
T000229,2025-01-10 13:00:00,99.73343857364831,Online,26,873,1,East,Desktop,0,0
T000230,2025-01-10 14:00:00,158.38252526883997,Food,29,892,2,South,Mobile,1,0
T000231,2025-01-10 15:00:00,,Retail,28,1479,2,West,Mobile,0,0
T000232,2025-01-10 16:00:00,86.0155902641585,Retail,63,1037,5,East,Desktop,0,0
T000233,2025-01-10 17:00:00,67.82934333416935,Retail,72,2258,4,North,Mobile,1,0
T000234,2025-01-10 18:00:00,21.72148953252385,Services,33,2789,2,East,Mobile,0,0
T000235,2025-01-10 19:00:00,128.1761803065804,Online,18,397,2,East,Desktop,0,0
T000236,2025-01-10 20:00:00,32.957736836626296,Food,62,1124,3,West,Desktop,1,0
T000237,2025-01-10 21:00:00,,Online,72,2079,5,East,Tablet,1,0
T000238,2025-01-10 22:00:00,,Travel,70,2946,1,South,Desktop,0,0
T000239,2025-01-10 23:00:00,19.493357022482268,Retail,38,3600,2,West,Mobile,1,0
T000240,2025-01-11 00:00:00,282.1083147273303,Food,47,649,3,West,Mobile,0,0
T000241,2025-01-11 01:00:00,307.75624127880235,Food,30,329,0,East,Mobile,0,0
T000242,2025-01-11 02:00:00,246.35098846338414,Food,51,3238,2,South,Mobile,0,1
T000243,2025-01-11 03:00:00,46.228739649736674,Food,21,1483,5,South,Mobile,0,0
T000244,2025-01-11 04:00:00,1.5577315371944382,Food,45,952,2,East,Mobile,0,0
T000245,2025-01-11 05:00:00,263.552345733189,Services,55,2006,3,North,Mobile,1,0
T000246,2025-01-11 06:00:00,55.89382770530613,Retail,75,2017,2,South,Desktop,1,0
T000247,2025-01-11 07:00:00,340.0842016122056,Retail,48,3172,0,East,Tablet,0,0
T000248,2025-01-11 08:00:00,331.37354761302055,Travel,76,2669,7,South,Desktop,1,0
T000249,2025-01-11 09:00:00,191.7387017179419,Services,72,1879,5,South,Desktop,1,0
T000250,2025-01-11 10:00:00,34.87760681721603,Food,44,1197,0,North,Desktop,0,0
T000251,2025-01-11 11:00:00,48.62919320986936,Online,22,1773,3,South,Tablet,1,0
T000252,2025-01-11 12:00:00,,Retail,42,162,8,West,Desktop,1,0
T000253,2025-01-11 13:00:00,38.11462314307171,Retail,20,1752,4,South,Desktop,0,0
T000254,2025-01-11 14:00:00,,Services,50,776,3,North,Tablet,0,0
T000255,2025-01-11 15:00:00,81.37369920602278,Online,21,3335,2,East,Tablet,0,0
T000256,2025-01-11 16:00:00,,Retail,42,1828,4,West,Mobile,0,0
T000257,2025-01-11 17:00:00,119.08255977579371,Online,37,2322,5,East,Mobile,0,0
T000258,2025-01-11 18:00:00,,Retail,51,3075,3,North,Mobile,0,0
T000259,2025-01-11 19:00:00,10.222819734932289,Services,43,1052,0,South,Mobile,0,0
T000260,2025-01-11 20:00:00,95.45307155177177,Retail,79,2374,2,West,Mobile,1,0
T000261,2025-01-11 21:00:00,461.05697478463173,Food,79,940,4,North,Mobile,0,0
T000262,2025-01-11 22:00:00,15.092058664226416,Online,22,3221,5,East,Mobile,1,0
T000263,2025-01-11 23:00:00,73.04953249815037,Online,52,540,2,South,Mobile,1,0
T000264,2025-01-12 00:00:00,209.86086379007943,Retail,78,2536,3,North,Desktop,0,1
T000265,2025-01-12 01:00:00,135.003424835367,Retail,45,822,1,West,Mobile,1,1
T000266,2025-01-12 02:00:00,,Online,46,1462,4,East,Desktop,1,0
T000267,2025-01-12 03:00:00,,Online,26,1089,5,East,Desktop,1,0
T000268,2025-01-12 04:00:00,44.549234231494914,Services,69,356,2,North,Mobile,0,0
T000269,2025-01-12 05:00:00,34.75620842670952,Retail,55,3605,4,North,Tablet,1,0
T000270,2025-01-12 06:00:00,165.73745072597123,Services,67,3324,5,East,Mobile,1,0
T000271,2025-01-12 07:00:00,166.13281990870288,Food,23,235,2,East,Mobile,0,0
T000272,2025-01-12 08:00:00,201.7950047367915,Food,36,2275,2,North,Mobile,1,0
T000273,2025-01-12 09:00:00,244.46159618366363,Retail,-1,1549,6,North,Mobile,1,0
T000274,2025-01-12 10:00:00,71.60932369329038,Online,61,3385,0,North,Mobile,1,0
T000275,2025-01-12 11:00:00,69.61843775511993,Retail,74,2097,3,West,Mobile,1,0
T000276,2025-01-12 12:00:00,160.09499323084876,Retail,28,118,3,West,Mobile,1,0
T000277,2025-01-12 13:00:00,104.97190748878002,Travel,19,2102,4,West,Mobile,0,0
T000278,2025-01-12 14:00:00,,Retail,64,1674,10,North,Mobile,1,0
T000279,2025-01-12 15:00:00,158.86194749542048,Online,61,2613,5,West,Desktop,0,0
T000280,2025-01-12 16:00:00,220.7323476346767,Services,-1,1068,4,North,Mobile,1,1
T000281,2025-01-12 17:00:00,41.24824071376542,Services,26,2101,3,East,Mobile,0,0
T000282,2025-01-12 18:00:00,,Services,38,558,1,West,Mobile,0,0
T000283,2025-01-12 19:00:00,,Retail,150,3597,2,South,Mobile,0,0
T000284,2025-01-12 20:00:00,86.34140266094347,Online,51,3174,4,South,Mobile,1,0
T000285,2025-01-12 21:00:00,3.6604104210857,Online,39,1816,4,North,Desktop,1,0
T000286,2025-01-12 22:00:00,62.66069481821096,Retail,20,2006,2,North,Mobile,1,0
T000287,2025-01-12 23:00:00,78.2294585687126,Online,29,2916,1,East,Desktop,1,0
T000288,2025-01-13 00:00:00,33.76306603145225,Retail,45,398,2,East,Desktop,1,0
T000289,2025-01-13 01:00:00,89.36325301461753,Retail,-1,3210,2,West,Mobile,0,0
T000290,2025-01-13 02:00:00,,Online,43,675,1,East,Mobile,0,0
T000291,2025-01-13 03:00:00,,Retail,65,387,3,East,Tablet,0,0
T000292,2025-01-13 04:00:00,172.93513695381358,Services,38,2159,1,North,Desktop,1,0
T000293,2025-01-13 05:00:00,44.65850242077447,Services,45,2662,1,North,Mobile,1,0
T000294,2025-01-13 06:00:00,13.588904129742799,Food,73,2065,4,West,Desktop,0,0
T000295,2025-01-13 07:00:00,73.86535882790156,Retail,150,3254,4,North,Desktop,1,0
T000296,2025-01-13 08:00:00,146.96479404457352,Retail,79,884,3,East,Mobile,1,0
T000297,2025-01-13 09:00:00,24.311800342990335,Retail,50,3608,2,North,Desktop,0,0
T000298,2025-01-13 10:00:00,97.52196186564929,Services,38,541,4,East,Mobile,0,0
T000299,2025-01-13 11:00:00,8.921102898989728,Services,52,171,4,East,Mobile,1,0
T000300,2025-01-13 12:00:00,5.306509591030941,Retail,69,2457,5,North,Tablet,1,0
T000301,2025-01-13 13:00:00,,Travel,51,740,4,South,Desktop,0,0
T000302,2025-01-13 14:00:00,77.79104426947421,Retail,58,1402,1,East,Mobile,1,0
T000303,2025-01-13 15:00:00,101.4537448204616,Online,68,3260,2,South,Mobile,0,0
T000304,2025-01-13 16:00:00,,Services,64,2906,1,North,Desktop,0,1
T000305,2025-01-13 17:00:00,372.3557008699993,Food,35,2278,1,East,Desktop,0,0
T000306,2025-01-13 18:00:00,72.62911192303562,Services,75,119,4,North,Desktop,1,0
T000307,2025-01-13 19:00:00,39.00197141059788,Food,28,3228,2,West,Tablet,0,0
T000308,2025-01-13 20:00:00,158.56539797326863,Online,74,2832,2,East,Desktop,0,0
T000309,2025-01-13 21:00:00,,Food,40,2513,3,North,Mobile,1,0
T000310,2025-01-13 22:00:00,57.798343127330135,Retail,65,2152,0,East,Mobile,0,0
T000311,2025-01-13 23:00:00,8.17051685836699,Food,39,2746,2,East,Mobile,1,0
T000312,2025-01-14 00:00:00,2.5677609541474378,Online,34,1996,1,South,Desktop,1,0
T000313,2025-01-14 01:00:00,328.7379923268602,Food,22,3574,1,South,Desktop,1,0
T000314,2025-01-14 02:00:00,180.77676421150625,Online,61,1706,6,South,Mobile,0,0
T000315,2025-01-14 03:00:00,119.06427327993416,Services,28,1723,1,South,Mobile,0,1
T000316,2025-01-14 04:00:00,,Online,47,2223,2,North,Mobile,1,0
T000317,2025-01-14 05:00:00,19.030653614210873,Services,32,2793,5,South,Mobile,1,0
T000318,2025-01-14 06:00:00,17.012074157285415,Retail,44,1698,2,South,Mobile,1,0
T000319,2025-01-14 07:00:00,28.80059891265836,Retail,52,1445,0,East,Mobile,0,0
T000320,2025-01-14 08:00:00,79.67906483133146,Retail,50,3206,4,East,Mobile,1,0
T000321,2025-01-14 09:00:00,,Retail,37,3463,5,East,Mobile,1,0
T000322,2025-01-14 10:00:00,107.93903496967985,Food,150,1760,3,West,Mobile,1,0
T000323,2025-01-14 11:00:00,32.84122613889959,Retail,150,1525,6,West,Mobile,0,1
T000324,2025-01-14 12:00:00,309.81034985563065,Travel,51,665,1,East,Desktop,1,0
T000325,2025-01-14 13:00:00,133.90174048752263,Online,19,33,1,East,Mobile,0,0
T000326,2025-01-14 14:00:00,,Retail,52,2103,2,South,Desktop,0,0
T000327,2025-01-14 15:00:00,94.6030472037435,Food,57,2567,2,West,Desktop,1,0
T000328,2025-01-14 16:00:00,54.40378655320514,Services,73,2804,4,North,Mobile,1,0
T000329,2025-01-14 17:00:00,28.466129227406352,Online,45,2060,0,South,Mobile,1,0
T000330,2025-01-14 18:00:00,44.00141293231124,Services,64,1552,1,East,Tablet,0,0
T000331,2025-01-14 19:00:00,141.8181847756713,Services,56,720,4,North,Desktop,0,0
T000332,2025-01-14 20:00:00,1.4498079720804276,Retail,23,2603,1,North,Tablet,0,1
T000333,2025-01-14 21:00:00,12.338039223997605,Travel,26,2421,3,East,Desktop,1,0
T000334,2025-01-14 22:00:00,4.709437695252053,Travel,37,484,4,East,Mobile,0,0
T000335,2025-01-14 23:00:00,4.1581451917292425,Services,77,973,6,East,Mobile,1,0
T000336,2025-01-15 00:00:00,193.42030336156586,Retail,18,3300,2,West,Mobile,1,1
T000337,2025-01-15 01:00:00,121.62406117006883,Services,25,2671,2,North,Mobile,1,0
T000338,2025-01-15 02:00:00,64.27845944128924,Retail,72,307,3,North,Mobile,0,0
T000339,2025-01-15 03:00:00,10.295691844781325,Retail,40,457,4,East,Desktop,0,0
T000340,2025-01-15 04:00:00,67.65179657972332,Retail,20,2208,3,South,Mobile,0,1
T000341,2025-01-15 05:00:00,64.14503320943712,Online,21,331,3,East,Mobile,1,0
T000342,2025-01-15 06:00:00,19.019471280022497,Food,75,2824,3,North,Desktop,0,0
T000343,2025-01-15 07:00:00,,Services,42,225,2,South,Desktop,0,0
T000344,2025-01-15 08:00:00,50.83366145832069,Services,-1,3031,5,East,Mobile,1,0
T000345,2025-01-15 09:00:00,95.67224329131345,Online,55,2777,2,East,Desktop,1,0
T000346,2025-01-15 10:00:00,100.81145360409121,Online,32,3576,1,East,Desktop,0,1
T000347,2025-01-15 11:00:00,4.636232402053473,Online,38,1480,3,South,Mobile,1,1
T000348,2025-01-15 12:00:00,46.938400465506156,Travel,52,3117,4,South,Mobile,0,0
T000349,2025-01-15 13:00:00,98.31249947827285,Retail,74,3286,2,North,Mobile,1,0
T000350,2025-01-15 14:00:00,69.94394526077897,Food,70,1083,2,North,Mobile,1,0
T000351,2025-01-15 15:00:00,,Services,70,644,2,South,Mobile,0,0
T000352,2025-01-15 16:00:00,,Online,63,616,3,South,Tablet,1,0
T000353,2025-01-15 17:00:00,,Services,69,195,1,East,Desktop,1,0
T000354,2025-01-15 18:00:00,7.318243625624084,Online,31,489,2,South,Desktop,1,0
T000355,2025-01-15 19:00:00,,Food,53,2205,0,East,Tablet,0,0
T000356,2025-01-15 20:00:00,2.6869072667394427,Travel,29,2658,2,West,Desktop,1,0
T000357,2025-01-15 21:00:00,88.13473778072907,Online,34,1250,2,South,Mobile,1,0
T000358,2025-01-15 22:00:00,281.7255455387152,Retail,56,2460,2,North,Mobile,0,0
T000359,2025-01-15 23:00:00,85.67824455775444,Services,26,3277,4,North,Desktop,0,0
T000360,2025-01-16 00:00:00,49.13006922239072,Travel,52,1103,2,East,Mobile,1,0
T000361,2025-01-16 01:00:00,103.08271578449819,Retail,77,1148,3,South,Mobile,1,1
T000362,2025-01-16 02:00:00,61.29559740510913,Services,30,2519,2,North,Desktop,1,0
T000363,2025-01-16 03:00:00,,Services,32,1242,5,East,Tablet,0,0
T000364,2025-01-16 04:00:00,283.81271462329994,Services,35,516,0,North,Mobile,1,0
T000365,2025-01-16 05:00:00,48.792752735018716,Retail,68,1626,4,East,Desktop,0,0
T000366,2025-01-16 06:00:00,324.9091861506754,Services,50,1128,2,East,Mobile,0,0
T000367,2025-01-16 07:00:00,235.75761837699193,Travel,23,393,6,East,Desktop,1,0
T000368,2025-01-16 08:00:00,21.789626094045,Retail,76,631,2,North,Mobile,1,0
T000369,2025-01-16 09:00:00,7.188415530315702,Retail,44,1848,2,West,Desktop,0,0
T000370,2025-01-16 10:00:00,10.622533548163021,Travel,40,2656,1,East,Mobile,1,0
T000371,2025-01-16 11:00:00,1.8389887847233704,Retail,76,980,1,North,Desktop,1,0
T000372,2025-01-16 12:00:00,,Food,44,434,2,North,Mobile,0,1
T000373,2025-01-16 13:00:00,114.88748725771671,Online,51,unknown,1,South,Mobile,1,0
T000374,2025-01-16 14:00:00,,Retail,73,3215,5,West,Mobile,0,1
T000375,2025-01-16 15:00:00,38.41571882948685,Food,63,2588,3,West,Mobile,1,0
T000376,2025-01-16 16:00:00,186.3526040097277,Online,55,278,2,East,Mobile,0,0
T000377,2025-01-16 17:00:00,2.354700318071151,Online,31,233,3,West,Mobile,0,0
T000378,2025-01-16 18:00:00,168.45305061859585,Online,53,1553,2,North,Desktop,1,0
T000379,2025-01-16 19:00:00,33.10834668396295,Services,70,1595,2,North,Desktop,0,0
T000380,2025-01-16 20:00:00,12.575011982910764,Retail,25,1114,1,West,Mobile,0,0
T000381,2025-01-16 21:00:00,119.31554084399134,Online,79,3564,7,West,Desktop,1,0
T000382,2025-01-16 22:00:00,,Travel,52,3271,2,South,Mobile,1,0
T000383,2025-01-16 23:00:00,209.94158140869467,Retail,36,2410,4,West,Mobile,1,0
T000384,2025-01-17 00:00:00,,Services,47,3513,6,West,Mobile,0,0
T000385,2025-01-17 01:00:00,162.69958059939782,Online,31,26,3,West,Mobile,0,0
T000386,2025-01-17 02:00:00,33.13338623067386,Food,76,3097,1,West,Mobile,0,0
T000387,2025-01-17 03:00:00,,Retail,37,1418,2,West,Tablet,1,0
T000388,2025-01-17 04:00:00,138.87563960054248,Travel,66,2555,1,North,Mobile,0,0
T000389,2025-01-17 05:00:00,164.42091832434195,Online,42,3373,0,West,Mobile,0,0
T000390,2025-01-17 06:00:00,,Retail,57,3411,1,North,Mobile,1,0
T000391,2025-01-17 07:00:00,53.2079354152605,Retail,41,2315,4,West,Desktop,0,0
T000392,2025-01-17 08:00:00,46.52439119617327,Retail,31,461,4,South,Desktop,1,0
T000393,2025-01-17 09:00:00,149.7954503343587,Online,43,2504,6,East,Desktop,1,0
T000394,2025-01-17 10:00:00,,Online,150,3432,1,South,Tablet,1,0
T000395,2025-01-17 11:00:00,267.0137924399326,Food,40,1092,5,North,Tablet,0,0
T000396,2025-01-17 12:00:00,195.48391571662492,Online,39,1007,7,South,Desktop,0,0
T000397,2025-01-17 13:00:00,56.035560944215966,Retail,65,2911,2,West,Mobile,0,0
T000398,2025-01-17 14:00:00,138.97847164954612,Services,74,3484,2,West,Desktop,1,0
T000399,2025-01-17 15:00:00,,Services,36,1995,1,South,Mobile,1,0
T000400,2025-01-17 16:00:00,,Retail,63,unknown,3,West,Desktop,1,1
T000401,2025-01-17 17:00:00,232.8445680867632,Retail,68,1073,4,West,Desktop,0,0
T000402,2025-01-17 18:00:00,70.37074897567544,Retail,20,2612,3,East,Desktop,0,0
T000403,2025-01-17 19:00:00,175.133255752333,Services,59,3174,2,North,Mobile,0,0
T000404,2025-01-17 20:00:00,38.57354261645083,Services,36,216,2,West,Desktop,0,0
T000405,2025-01-17 21:00:00,225.87905145459263,Online,26,3510,2,East,Tablet,0,0
T000406,2025-01-17 22:00:00,49.29884540601712,Food,45,1724,4,West,Mobile,1,0
T000407,2025-01-17 23:00:00,1.0896806615175478,Food,37,1593,6,West,Mobile,0,0
T000408,2025-01-18 00:00:00,235.79072969624536,Services,62,2607,1,West,Desktop,1,0
T000409,2025-01-18 01:00:00,9.572561054847526,Food,24,159,5,East,Tablet,1,0
T000410,2025-01-18 02:00:00,,Retail,31,2537,0,South,Mobile,0,0
T000411,2025-01-18 03:00:00,299.69723831882857,Retail,26,686,4,South,Mobile,1,0
T000412,2025-01-18 04:00:00,300.79495401039895,Retail,76,3314,4,South,Mobile,0,0
T000413,2025-01-18 05:00:00,85.19972910552637,Retail,77,2842,5,North,Mobile,0,0
T000414,2025-01-18 06:00:00,99.92300803905246,Online,72,1777,1,East,Tablet,1,0
T000415,2025-01-18 07:00:00,59.50146636228576,Travel,74,2053,5,East,Desktop,0,0
T000416,2025-01-18 08:00:00,,Retail,77,1844,2,West,Desktop,0,0
T000417,2025-01-18 09:00:00,,Retail,36,2409,2,North,Mobile,1,0
T000418,2025-01-18 10:00:00,111.63235799285063,Online,-1,2507,6,East,Desktop,1,0
T000419,2025-01-18 11:00:00,139.58378736630772,Travel,150,2296,1,North,Mobile,1,0
T000420,2025-01-18 12:00:00,156.81954162211485,Online,31,1590,3,North,Mobile,1,0
T000421,2025-01-18 13:00:00,155.88310318487416,Online,73,1697,5,North,Mobile,1,0
T000422,2025-01-18 14:00:00,9.563694654031945,Retail,150,2994,3,East,Mobile,1,0
T000423,2025-01-18 15:00:00,68.20495965733559,Retail,70,2470,0,North,Mobile,0,0
T000424,2025-01-18 16:00:00,5.928170644873779,Travel,78,1947,4,East,Mobile,0,1
T000425,2025-01-18 17:00:00,79.74613156953929,Travel,53,2063,2,North,Mobile,0,0
T000426,2025-01-18 18:00:00,58.255527498728355,Retail,57,2784,1,West,Mobile,1,0
T000427,2025-01-18 19:00:00,218.66186642208012,Travel,34,3645,6,West,Desktop,0,0
T000428,2025-01-18 20:00:00,43.21916194678851,Services,47,1146,5,West,Mobile,1,0
T000429,2025-01-18 21:00:00,12.450597755245086,Food,26,2325,4,West,Tablet,0,0
T000430,2025-01-18 22:00:00,15.430765454211937,Online,50,1582,1,West,Mobile,1,0
T000431,2025-01-18 23:00:00,,Online,73,2501,2,West,Desktop,0,0
T000432,2025-01-19 00:00:00,96.2905679748035,Online,69,3462,2,East,Desktop,1,0
T000433,2025-01-19 01:00:00,10.660871224538544,Services,42,3366,2,North,Tablet,1,0
T000434,2025-01-19 02:00:00,8.785552166860509,Retail,31,3646,2,South,Desktop,1,0
T000435,2025-01-19 03:00:00,120.72084716530998,Retail,28,2646,0,North,Mobile,1,0
T000436,2025-01-19 04:00:00,7.554608952579714,Online,70,2494,8,East,Mobile,0,0
T000437,2025-01-19 05:00:00,172.51858538085813,Services,52,2258,4,East,Mobile,0,0
T000438,2025-01-19 06:00:00,122.4999753130005,Retail,58,2762,2,West,Mobile,1,0
T000439,2025-01-19 07:00:00,,Services,76,2350,3,West,Mobile,1,0
T000440,2025-01-19 08:00:00,8.86538677778067,Travel,31,1933,4,South,Desktop,1,0
T000441,2025-01-19 09:00:00,431.54585620580923,Retail,47,3295,3,East,Mobile,0,0
T000442,2025-01-19 10:00:00,46.883758255228955,Services,-1,1758,5,West,Desktop,1,0
T000443,2025-01-19 11:00:00,46.305526047531245,Online,-1,2051,6,South,Tablet,1,0
T000444,2025-01-19 12:00:00,167.55754032826772,Food,76,990,9,West,Desktop,0,0
T000445,2025-01-19 13:00:00,294.21645379632434,Retail,21,1542,4,North,Desktop,1,0
T000446,2025-01-19 14:00:00,,Services,45,1117,5,East,Desktop,1,0
T000447,2025-01-19 15:00:00,,Food,25,2568,3,South,Mobile,0,1
T000448,2025-01-19 16:00:00,47.202099961912566,Travel,19,3500,2,West,Mobile,1,0
T000449,2025-01-19 17:00:00,8.719399369795726,Services,58,493,1,East,Tablet,1,0
T000450,2025-01-19 18:00:00,,Online,78,3307,3,North,Tablet,0,0
T000451,2025-01-19 19:00:00,81.7360407561493,Services,63,620,2,North,Desktop,1,0
T000452,2025-01-19 20:00:00,55.20331253049737,Food,39,3233,3,South,Mobile,0,0
T000453,2025-01-19 21:00:00,236.82376754780904,Services,58,2379,3,West,Desktop,1,0
T000454,2025-01-19 22:00:00,11.788020797188024,Retail,73,2381,4,West,Mobile,1,0
T000455,2025-01-19 23:00:00,67.85051093729543,Travel,72,2098,1,South,Mobile,1,0
T000456,2025-01-20 00:00:00,,Services,-1,1547,4,South,Mobile,1,1
T000457,2025-01-20 01:00:00,63.235436958292624,Services,46,863,2,East,Mobile,1,0
T000458,2025-01-20 02:00:00,5.795043106592577,Retail,79,1692,3,East,Mobile,0,0
T000459,2025-01-20 03:00:00,12.649099593117121,Services,66,3564,2,West,Mobile,1,1
T000460,2025-01-20 04:00:00,,Online,65,1606,2,South,Mobile,1,0
T000461,2025-01-20 05:00:00,104.75683864069715,Services,47,2320,4,East,Mobile,0,0
T000462,2025-01-20 06:00:00,137.05977175964728,Retail,29,580,4,East,Desktop,0,0
T000463,2025-01-20 07:00:00,87.55537772028686,Services,52,unknown,7,West,Desktop,1,0
T000464,2025-01-20 08:00:00,327.4720209102377,Travel,28,1276,0,West,Mobile,0,0
T000465,2025-01-20 09:00:00,46.97965779202672,Retail,-1,2608,2,West,Mobile,1,0
T000466,2025-01-20 10:00:00,33.646915742055874,Travel,67,2744,1,East,Desktop,0,0
T000467,2025-01-20 11:00:00,202.95025381702297,Online,38,1856,5,South,Mobile,0,0
T000468,2025-01-20 12:00:00,25.308206773185336,Food,38,3162,2,West,Mobile,1,0
T000469,2025-01-20 13:00:00,330.2870106251911,Food,22,2494,0,South,Desktop,0,0
T000470,2025-01-20 14:00:00,1.2228944358969307,Services,65,3065,1,South,Tablet,1,0
T000471,2025-01-20 15:00:00,350.25269228794815,Services,150,1356,4,South,Mobile,0,0
T000472,2025-01-20 16:00:00,4.4118998618501895,Food,54,1163,6,West,Mobile,0,1
T000473,2025-01-20 17:00:00,221.77212291600088,Online,20,357,1,North,Mobile,0,0
T000474,2025-01-20 18:00:00,75.01432503493903,Online,61,1625,2,South,Mobile,1,0
T000475,2025-01-20 19:00:00,495.68286079260326,Services,50,2322,4,South,Mobile,1,1
T000476,2025-01-20 20:00:00,7.666137595445494,Food,70,3091,5,North,Mobile,0,0
T000477,2025-01-20 21:00:00,80.71096637333488,Food,78,2007,2,North,Mobile,1,0
T000478,2025-01-20 22:00:00,348.3575221256005,Food,26,2359,3,West,Tablet,1,0
T000479,2025-01-20 23:00:00,74.0443933181044,Online,78,870,4,West,Desktop,1,0
T000480,2025-01-21 00:00:00,,Food,-1,886,4,South,Desktop,0,0
T000481,2025-01-21 01:00:00,118.99012381167742,Retail,-1,2002,2,West,Desktop,1,1
T000482,2025-01-21 02:00:00,60.61277556769509,Online,52,2202,6,West,Mobile,0,0
T000483,2025-01-21 03:00:00,98.76741730080221,Retail,34,1414,3,South,Desktop,0,0
T000484,2025-01-21 04:00:00,87.78258618057556,Online,51,1284,1,East,Mobile,0,0
T000485,2025-01-21 05:00:00,231.42327694826474,Online,41,620,4,West,Mobile,0,0
T000486,2025-01-21 06:00:00,4.6511461743480975,Online,49,883,1,South,Desktop,0,0
T000487,2025-01-21 07:00:00,32.98427258987584,Services,18,797,4,North,Desktop,1,0
T000488,2025-01-21 08:00:00,300.39960058609313,Online,25,3643,2,West,Desktop,1,0
T000489,2025-01-21 09:00:00,220.9675828453486,Online,62,2173,2,East,Mobile,0,0
T000490,2025-01-21 10:00:00,60.817526195962,Retail,40,3426,2,North,Tablet,1,0
T000491,2025-01-21 11:00:00,96.79330287389773,Online,64,1297,3,East,Tablet,1,0
T000492,2025-01-21 12:00:00,32.48734198951301,Retail,57,619,6,East,Mobile,1,0
T000493,2025-01-21 13:00:00,20.84041614360645,Retail,29,1835,2,West,Mobile,1,0
T000494,2025-01-21 14:00:00,62.305859880409876,Services,71,unknown,4,East,Mobile,1,0
T000495,2025-01-21 15:00:00,43.595353461673334,Services,29,2896,1,South,Tablet,1,0
T000496,2025-01-21 16:00:00,87.6243706006643,Services,63,2498,0,East,Mobile,1,0
T000497,2025-01-21 17:00:00,8.09222844331848,Online,64,930,1,East,Mobile,0,0
T000498,2025-01-21 18:00:00,366.4960122522567,Online,32,1271,3,North,Mobile,0,0
T000499,2025-01-21 19:00:00,428.38655755525383,Food,58,520,3,East,Mobile,0,0
T000500,2025-01-21 20:00:00,119.78638819127893,Online,-1,3213,3,West,Desktop,1,0
T000501,2025-01-21 21:00:00,76.80784344120899,Online,43,2410,4,North,Mobile,1,0
T000502,2025-01-21 22:00:00,37.037930155436,Retail,69,8,4,East,Tablet,0,0
T000503,2025-01-21 23:00:00,168.09071674879968,Online,46,2526,3,South,Desktop,1,1
T000504,2025-01-22 00:00:00,115.43295836488157,Online,39,3424,4,South,Desktop,1,0
T000505,2025-01-22 01:00:00,17.747365410048836,Online,57,2020,3,South,Mobile,0,0
T000506,2025-01-22 02:00:00,241.83010919991276,Services,38,495,5,South,Mobile,0,0
T000507,2025-01-22 03:00:00,,Online,68,1630,4,West,Mobile,0,0
T000508,2025-01-22 04:00:00,299.1738525033436,Services,55,2881,1,South,Mobile,1,0
T000509,2025-01-22 05:00:00,129.36040041961343,Food,37,3499,1,East,Mobile,1,0
T000510,2025-01-22 06:00:00,95.04040195913728,Food,74,1063,1,North,Tablet,1,0
T000511,2025-01-22 07:00:00,54.170250659311336,Services,46,unknown,2,West,Mobile,0,1
T000512,2025-01-22 08:00:00,269.9018361547118,Travel,68,187,2,East,Mobile,0,0
T000513,2025-01-22 09:00:00,201.039238004692,Retail,21,2802,4,East,Mobile,1,0
T000514,2025-01-22 10:00:00,4.627293865312279,Retail,72,1878,2,South,Mobile,0,0
T000515,2025-01-22 11:00:00,2.6720816866511363,Retail,24,2141,3,South,Tablet,0,0
T000516,2025-01-22 12:00:00,,Services,45,86,4,North,Mobile,1,0
T000517,2025-01-22 13:00:00,166.36477229960863,Food,45,3116,4,West,Mobile,0,0
T000518,2025-01-22 14:00:00,436.4275468220168,Retail,21,137,4,South,Desktop,0,0
T000519,2025-01-22 15:00:00,16.30095099344797,Travel,39,2469,5,East,Mobile,0,0
T000520,2025-01-22 16:00:00,,Retail,29,2122,3,East,Mobile,1,0
T000521,2025-01-22 17:00:00,47.947369975809615,Travel,62,3620,6,South,Mobile,1,1
T000522,2025-01-22 18:00:00,350.3708554375963,Online,20,1637,2,East,Mobile,0,0
T000523,2025-01-22 19:00:00,184.59132074336347,Retail,39,3584,4,East,Mobile,1,0
T000524,2025-01-22 20:00:00,182.21900464698572,Online,61,3228,3,East,Mobile,1,0
T000525,2025-01-22 21:00:00,63.24155711397735,Retail,150,3327,2,South,Desktop,1,0
T000526,2025-01-22 22:00:00,53.5834936327349,Retail,41,2219,5,South,Mobile,0,0
T000527,2025-01-22 23:00:00,31.93888921500612,Online,51,1752,2,North,Desktop,1,0
T000528,2025-01-23 00:00:00,5.802696384483622,Food,44,2218,1,West,Desktop,0,0
T000529,2025-01-23 01:00:00,200.04261400033104,Online,72,1788,2,East,Mobile,0,0
T000530,2025-01-23 02:00:00,167.61174392499228,Online,58,872,2,South,Mobile,1,0
T000531,2025-01-23 03:00:00,817.2445597818082,Services,18,2370,6,West,Mobile,0,0
T000532,2025-01-23 04:00:00,,Services,25,3639,2,North,Desktop,1,0
T000533,2025-01-23 05:00:00,81.0651592641394,Retail,40,2504,3,West,Desktop,1,0
T000534,2025-01-23 06:00:00,146.52830902062607,Online,55,944,3,West,Desktop,0,1
T000535,2025-01-23 07:00:00,289.6171682874436,Retail,23,1627,4,West,Mobile,0,1
T000536,2025-01-23 08:00:00,189.47720147092457,Retail,39,2838,2,West,Tablet,1,0
T000537,2025-01-23 09:00:00,28.415244458114653,Services,42,2661,2,South,Mobile,1,0
T000538,2025-01-23 10:00:00,59.88268273998645,Retail,35,3227,3,North,Mobile,1,0
T000539,2025-01-23 11:00:00,,Online,34,unknown,4,East,Mobile,1,0
T000540,2025-01-23 12:00:00,308.0223786441709,Services,78,349,5,South,Mobile,0,0
T000541,2025-01-23 13:00:00,93.18477025886182,Retail,29,3523,6,North,Mobile,0,0
T000542,2025-01-23 14:00:00,25.96037254184837,Services,23,1677,0,West,Desktop,0,0
T000543,2025-01-23 15:00:00,111.38295391732503,Retail,43,1197,3,South,Desktop,1,0
T000544,2025-01-23 16:00:00,96.26704347430717,Travel,44,10,2,West,Desktop,0,0
T000545,2025-01-23 17:00:00,,Online,25,2788,5,West,Mobile,0,0
T000546,2025-01-23 18:00:00,12.053912139846927,Food,36,3337,4,West,Desktop,0,0
T000547,2025-01-23 19:00:00,111.34412835191021,Services,77,1462,1,West,Mobile,0,0
T000548,2025-01-23 20:00:00,73.46104241860377,Retail,59,3319,1,West,Mobile,1,0
T000549,2025-01-23 21:00:00,147.9807080960515,Services,18,667,2,West,Mobile,0,0
T000550,2025-01-23 22:00:00,73.4309860423515,Travel,74,2594,2,East,Mobile,0,0
T000551,2025-01-23 23:00:00,191.1770111308484,Services,46,1523,2,South,Mobile,0,0
T000552,2025-01-24 00:00:00,80.27541190214875,Food,62,2177,3,West,Mobile,0,0
T000553,2025-01-24 01:00:00,,Food,66,601,0,West,Mobile,1,0
T000554,2025-01-24 02:00:00,209.27586432297716,Retail,52,2653,0,South,Tablet,1,0
T000555,2025-01-24 03:00:00,51.6647313988117,Retail,57,327,3,North,Mobile,0,0
T000556,2025-01-24 04:00:00,14.388795539029894,Services,31,980,2,East,Tablet,1,0
T000557,2025-01-24 05:00:00,2.920502143209468,Online,52,2452,5,North,Desktop,1,0
T000558,2025-01-24 06:00:00,140.70574526625856,Food,65,629,4,West,Mobile,1,0
T000559,2025-01-24 07:00:00,96.83989670606796,Travel,62,1630,1,West,Desktop,1,1
T000560,2025-01-24 08:00:00,121.76653477978765,Online,37,3431,4,North,Mobile,0,0
T000561,2025-01-24 09:00:00,23.948149349344348,Retail,73,2766,6,East,Desktop,1,1
T000562,2025-01-24 10:00:00,14.661255122827866,Food,66,3089,2,North,Mobile,1,0
T000563,2025-01-24 11:00:00,1.4651476265668781,Retail,30,274,1,East,Tablet,0,0
T000564,2025-01-24 12:00:00,43.168726151506924,Food,78,685,4,South,Desktop,0,0
T000565,2025-01-24 13:00:00,89.13973756649446,Online,55,116,6,East,Desktop,0,0
T000566,2025-01-24 14:00:00,49.79818675611507,Services,66,861,2,South,Desktop,0,1
T000567,2025-01-24 15:00:00,57.53195628284312,Retail,63,2004,5,North,Mobile,1,0
T000568,2025-01-24 16:00:00,,Services,66,693,2,South,Mobile,0,0
T000569,2025-01-24 17:00:00,42.81026144251117,Online,79,3163,1,North,Mobile,1,0
T000570,2025-01-24 18:00:00,72.15250280723211,Services,25,1106,1,East,Mobile,1,0
T000571,2025-01-24 19:00:00,153.08717377197016,Retail,60,2372,1,North,Mobile,0,0
T000572,2025-01-24 20:00:00,50.50801312991797,Services,37,3009,1,East,Desktop,0,0
T000573,2025-01-24 21:00:00,97.30904753530854,Food,77,2162,2,West,Mobile,1,0
T000574,2025-01-24 22:00:00,198.31406436843068,Retail,50,1793,2,West,Tablet,1,0
T000575,2025-01-24 23:00:00,298.6190415374668,Retail,43,3130,1,West,Desktop,0,0
T000576,2025-01-25 00:00:00,15.908187931483598,Retail,56,154,1,West,Mobile,0,0
T000577,2025-01-25 01:00:00,261.1662763042079,Services,38,1901,3,North,Tablet,0,0
T000578,2025-01-25 02:00:00,,Services,70,1428,3,North,Mobile,1,0
T000579,2025-01-25 03:00:00,29.873545435139576,Online,66,1290,1,East,Desktop,1,0
T000580,2025-01-25 04:00:00,61.45869673706975,Retail,79,315,3,West,Mobile,0,0
T000581,2025-01-25 05:00:00,391.36530975805914,Online,59,1065,4,West,Mobile,1,0
T000582,2025-01-25 06:00:00,67.84912926673597,Services,60,105,3,North,Mobile,0,0
T000583,2025-01-25 07:00:00,,Online,71,1925,3,South,Mobile,1,0
T000584,2025-01-25 08:00:00,100.34862739576596,Travel,79,1914,5,North,Mobile,1,0
T000585,2025-01-25 09:00:00,27.462846771560294,Retail,58,1217,2,West,Mobile,0,0
T000586,2025-01-25 10:00:00,7.889530497623504,Services,26,1425,1,East,Mobile,0,0
T000587,2025-01-25 11:00:00,13.797521971241586,Online,41,3350,1,North,Tablet,0,0
T000588,2025-01-25 12:00:00,13.701842406700711,Online,54,2402,3,South,Mobile,1,1
T000589,2025-01-25 13:00:00,16.475990155667297,Services,66,3064,2,East,Mobile,1,0
T000590,2025-01-25 14:00:00,,Services,58,1773,6,West,Desktop,0,0
T000591,2025-01-25 15:00:00,102.40840510758065,Travel,34,1961,0,North,Desktop,1,0
T000592,2025-01-25 16:00:00,20.074635703448163,Retail,41,2781,3,West,Tablet,0,0
T000593,2025-01-25 17:00:00,42.413931579480526,Retail,38,1604,4,East,Mobile,1,0
T000594,2025-01-25 18:00:00,227.09741251283577,Services,68,709,5,West,Mobile,0,0
T000595,2025-01-25 19:00:00,64.23811416465936,Services,76,3328,1,West,Mobile,1,0
T000596,2025-01-25 20:00:00,110.12890836523806,Retail,56,651,2,North,Mobile,1,0
T000597,2025-01-25 21:00:00,18.91285171132165,Retail,72,2872,2,North,Desktop,1,0
T000598,2025-01-25 22:00:00,,Retail,58,947,2,East,Mobile,1,0
T000599,2025-01-25 23:00:00,,Food,56,661,4,North,Tablet,0,0
T000600,2025-01-26 00:00:00,18.504734406558086,Retail,30,2147,3,West,Mobile,1,0
T000601,2025-01-26 01:00:00,,Online,28,2636,2,East,Tablet,0,0
T000602,2025-01-26 02:00:00,,Retail,63,2330,1,West,Mobile,0,0
T000603,2025-01-26 03:00:00,,Online,36,2451,2,South,Desktop,0,0
T000604,2025-01-26 04:00:00,12.855621349335253,Retail,28,1133,4,South,Tablet,0,0
T000605,2025-01-26 05:00:00,61.76293433653791,Online,30,unknown,3,East,Tablet,1,0
T000606,2025-01-26 06:00:00,23.109220634509658,Retail,63,2247,4,North,Mobile,0,0
T000607,2025-01-26 07:00:00,45.29811155109185,Food,62,3375,2,East,Mobile,1,0
T000608,2025-01-26 08:00:00,70.00051847143304,Retail,18,2039,3,West,Desktop,1,0
T000609,2025-01-26 09:00:00,117.24574340125422,Online,57,2375,0,South,Mobile,1,0
T000610,2025-01-26 10:00:00,4.010573010001543,Food,61,2202,3,West,Mobile,1,0
T000611,2025-01-26 11:00:00,160.64942438261195,Services,36,552,3,North,Mobile,0,0
T000612,2025-01-26 12:00:00,98.85936903672963,Online,29,405,3,South,Mobile,1,0
T000613,2025-01-26 13:00:00,8.529543037633426,Online,25,462,1,West,Mobile,0,0
T000614,2025-01-26 14:00:00,206.81346984880906,Online,25,2180,3,West,Mobile,1,0
T000615,2025-01-26 15:00:00,253.6693546378928,Services,78,2839,1,East,Mobile,1,0
T000616,2025-01-26 16:00:00,6.30228275601634,Travel,70,874,4,West,Mobile,0,0
T000617,2025-01-26 17:00:00,32.41768431286508,Services,62,84,0,East,Mobile,1,0
T000618,2025-01-26 18:00:00,164.09351832266427,Services,29,1423,4,South,Mobile,1,0
T000619,2025-01-26 19:00:00,137.93572402143084,Services,78,2802,3,South,Mobile,1,0
T000620,2025-01-26 20:00:00,20.397963206180048,Online,65,2676,2,West,Tablet,1,0
T000621,2025-01-26 21:00:00,23.489903118153325,Retail,50,3181,2,North,Tablet,1,0
T000622,2025-01-26 22:00:00,46.27851100243697,Services,62,221,4,East,Tablet,0,0
T000623,2025-01-26 23:00:00,66.26625646686144,Travel,43,2601,3,East,Desktop,1,0
T000624,2025-01-27 00:00:00,96.3001834058552,Retail,56,1392,3,East,Mobile,1,0
T000625,2025-01-27 01:00:00,46.03125630003512,Services,45,3219,3,South,Desktop,0,0
T000626,2025-01-27 02:00:00,62.08911092209176,Retail,75,112,7,South,Mobile,1,0
T000627,2025-01-27 03:00:00,137.62289403898424,Online,22,615,6,North,Desktop,0,0
T000628,2025-01-27 04:00:00,3.7372952321478463,Retail,25,1582,2,East,Mobile,1,0
T000629,2025-01-27 05:00:00,29.093662188239723,Online,42,2972,0,East,Desktop,1,0
T000630,2025-01-27 06:00:00,124.94918749560257,Food,44,3566,3,East,Mobile,0,0
T000631,2025-01-27 07:00:00,225.57667543306135,Online,63,3577,4,East,Mobile,1,0
T000632,2025-01-27 08:00:00,71.67791122084009,Services,40,475,1,North,Desktop,1,0
T000633,2025-01-27 09:00:00,75.95295023530689,Food,47,2884,1,West,Mobile,0,0
T000634,2025-01-27 10:00:00,11.336133854066338,Travel,62,1914,6,East,Mobile,0,0
T000635,2025-01-27 11:00:00,59.314324608355086,Retail,64,271,8,North,Mobile,1,0
T000636,2025-01-27 12:00:00,76.060679905529,Online,40,unknown,1,South,Mobile,0,0
T000637,2025-01-27 13:00:00,,Retail,66,1921,2,West,Mobile,1,1
T000638,2025-01-27 14:00:00,31.367461187854385,Travel,64,2755,4,West,Tablet,0,0
T000639,2025-01-27 15:00:00,47.3664984802472,Travel,37,1391,4,South,Mobile,1,0
T000640,2025-01-27 16:00:00,2.0275360750314513,Online,35,3352,4,East,Mobile,0,0
T000641,2025-01-27 17:00:00,38.872476125613574,Food,35,3355,2,North,Mobile,0,0
T000642,2025-01-27 18:00:00,23.755693562362985,Online,19,40,5,North,Desktop,0,0
T000643,2025-01-27 19:00:00,39.67492302319827,Services,21,1983,5,East,Desktop,0,0
T000644,2025-01-27 20:00:00,12.756310328478126,Retail,47,2237,2,East,Desktop,0,0
T000645,2025-01-27 21:00:00,221.20798999430247,Food,50,3236,2,West,Desktop,0,1
T000646,2025-01-27 22:00:00,90.03988138795597,Retail,53,994,6,South,Tablet,0,0
T000647,2025-01-27 23:00:00,,Food,35,2013,7,North,Desktop,0,0
T000648,2025-01-28 00:00:00,155.67090323777913,Food,54,3608,2,South,Desktop,0,0
T000649,2025-01-28 01:00:00,69.00364218488852,Services,36,2584,3,North,Mobile,1,0
T000650,2025-01-28 02:00:00,9.093209451745585,Retail,64,3076,2,North,Desktop,0,0
T000651,2025-01-28 03:00:00,77.02583632948226,Online,45,290,6,South,Mobile,1,0
T000652,2025-01-28 04:00:00,88.39230578713736,Retail,57,2481,1,South,Desktop,0,0
T000653,2025-01-28 05:00:00,136.82166488084093,Online,37,2519,4,South,Desktop,1,0
T000654,2025-01-28 06:00:00,56.50346493829821,Retail,66,3253,1,East,Desktop,1,0
T000655,2025-01-28 07:00:00,13.648466672931223,Travel,50,3320,1,North,Desktop,0,1
T000656,2025-01-28 08:00:00,33.37621802617039,Services,29,2676,3,North,Mobile,0,0
T000657,2025-01-28 09:00:00,45.111482547462344,Online,75,279,4,East,Mobile,1,0
T000658,2025-01-28 10:00:00,103.82246116218616,Online,68,2925,5,North,Mobile,1,0
T000659,2025-01-28 11:00:00,,Online,32,581,2,East,Tablet,0,0
T000660,2025-01-28 12:00:00,44.020675965180615,Services,58,863,4,North,Desktop,0,0
T000661,2025-01-28 13:00:00,430.6195772169812,Online,56,254,3,South,Desktop,0,0
T000662,2025-01-28 14:00:00,93.08330084672093,Travel,19,181,3,North,Desktop,1,0
T000663,2025-01-28 15:00:00,,Online,46,681,1,North,Desktop,0,0
T000664,2025-01-28 16:00:00,10.734300462488685,Travel,58,825,4,East,Tablet,0,0
T000665,2025-01-28 17:00:00,,Food,27,3581,1,West,Desktop,0,0
T000666,2025-01-28 18:00:00,28.230684939514095,Retail,19,700,4,North,Desktop,0,0
T000667,2025-01-28 19:00:00,17.516487495429402,Travel,68,2614,1,South,Desktop,0,0
T000668,2025-01-28 20:00:00,20.64917454545804,Retail,28,1350,1,East,Mobile,1,0
T000669,2025-01-28 21:00:00,,Food,30,1381,2,South,Desktop,1,0
T000670,2025-01-28 22:00:00,19.0402433662887,Online,27,1674,0,West,Mobile,0,0
T000671,2025-01-28 23:00:00,227.07514493559154,Food,31,2728,1,North,Mobile,0,0
T000672,2025-01-29 00:00:00,8.363571259200016,Food,35,2439,2,West,Desktop,1,0
T000673,2025-01-29 01:00:00,74.34123501127027,Food,68,1639,2,South,Mobile,0,0
T000674,2025-01-29 02:00:00,52.830555648930236,Food,71,1958,0,South,Tablet,1,0
T000675,2025-01-29 03:00:00,403.86421660159203,Online,26,3157,3,West,Mobile,0,1
T000676,2025-01-29 04:00:00,11.88273456974049,Retail,74,3389,3,East,Mobile,1,0
T000677,2025-01-29 05:00:00,,Online,56,212,3,East,Mobile,1,0
T000678,2025-01-29 06:00:00,,Retail,45,1539,1,East,Mobile,0,0
T000679,2025-01-29 07:00:00,,Services,20,384,1,East,Mobile,1,0
T000680,2025-01-29 08:00:00,,Online,37,1715,6,North,Mobile,0,0
T000681,2025-01-29 09:00:00,29.827508353350463,Travel,23,342,0,East,Mobile,1,0
T000682,2025-01-29 10:00:00,18.739953278648752,Services,44,1839,2,North,Mobile,0,0
T000683,2025-01-29 11:00:00,,Food,70,1988,4,West,Mobile,0,0
T000684,2025-01-29 12:00:00,265.0385094959955,Retail,19,844,5,West,Desktop,0,0
T000685,2025-01-29 13:00:00,,Food,46,3110,3,South,Mobile,1,0
T000686,2025-01-29 14:00:00,84.77275614585865,Travel,55,1535,2,South,Desktop,0,0
T000687,2025-01-29 15:00:00,32.847503081065085,Online,20,420,2,North,Desktop,0,0
T000688,2025-01-29 16:00:00,146.74737584120885,Services,33,2799,4,North,Mobile,0,0
T000689,2025-01-29 17:00:00,20.707798214607084,Food,47,3241,4,West,Tablet,1,0
T000690,2025-01-29 18:00:00,39.108781311923266,Retail,57,1989,1,North,Desktop,0,0
T000691,2025-01-29 19:00:00,55.414455006983054,Online,19,1933,5,South,Desktop,1,0
T000692,2025-01-29 20:00:00,70.84849626446984,Online,34,3415,1,West,Mobile,1,0
T000693,2025-01-29 21:00:00,27.76125835696058,Retail,58,1850,4,West,Desktop,1,0
T000694,2025-01-29 22:00:00,12.198327214413544,Online,79,306,2,East,Desktop,0,0
T000695,2025-01-29 23:00:00,94.31996574293565,Retail,29,3614,5,East,Mobile,0,0
T000696,2025-01-30 00:00:00,34.05633684365418,Retail,52,2750,2,East,Mobile,1,0
T000697,2025-01-30 01:00:00,87.04530682924437,Retail,60,869,6,West,Mobile,0,0
T000698,2025-01-30 02:00:00,,Travel,18,2585,2,East,Desktop,0,0
T000699,2025-01-30 03:00:00,65.61213780285276,Online,72,1136,1,East,Mobile,1,0
T000700,2025-01-30 04:00:00,,Travel,62,1435,3,North,Desktop,1,0
T000701,2025-01-30 05:00:00,5.321465145712133,Online,32,206,4,North,Mobile,0,0
T000702,2025-01-30 06:00:00,41.03836013804232,Online,43,unknown,3,East,Desktop,1,0
T000703,2025-01-30 07:00:00,,Online,54,3454,5,West,Mobile,0,0
T000704,2025-01-30 08:00:00,6.5472258772524885,Online,38,496,4,West,Mobile,1,0
T000705,2025-01-30 09:00:00,460.1201311395324,Retail,79,3451,3,West,Mobile,0,0
T000706,2025-01-30 10:00:00,,Services,66,3119,1,East,Mobile,0,1
T000707,2025-01-30 11:00:00,166.00706137698987,Retail,48,1910,3,West,Mobile,1,0
T000708,2025-01-30 12:00:00,29.38888342934014,Services,42,3623,1,West,Mobile,0,0
T000709,2025-01-30 13:00:00,114.41413510203515,Services,40,3600,1,East,Mobile,0,0
T000710,2025-01-30 14:00:00,142.80662228282085,Retail,41,2552,4,South,Tablet,1,0
T000711,2025-01-30 15:00:00,90.54465941691397,Retail,74,1046,3,South,Desktop,0,0
T000712,2025-01-30 16:00:00,,Food,55,213,3,West,Mobile,0,0
T000713,2025-01-30 17:00:00,53.075781350537774,Online,45,310,2,South,Mobile,0,0
T000714,2025-01-30 18:00:00,42.90433017039748,Retail,38,2709,6,West,Mobile,1,0
T000715,2025-01-30 19:00:00,265.2556048220781,Travel,71,1992,3,North,Desktop,1,0
T000716,2025-01-30 20:00:00,177.5607071141798,Retail,60,2801,1,East,Mobile,1,0
T000717,2025-01-30 21:00:00,335.31763894156916,Services,35,272,4,East,Mobile,1,0
T000718,2025-01-30 22:00:00,13.272854183610555,Travel,53,3643,0,East,Mobile,1,0
T000719,2025-01-30 23:00:00,131.25513634605076,Retail,52,1823,5,South,Desktop,0,1
T000720,2025-01-31 00:00:00,,Retail,62,2986,5,West,Mobile,0,0
T000721,2025-01-31 01:00:00,19.995580970079768,Retail,72,3274,1,East,Desktop,0,1
T000722,2025-01-31 02:00:00,6.881031747249687,Online,26,2080,1,South,Mobile,1,0
T000723,2025-01-31 03:00:00,135.1393153188622,Retail,70,443,2,East,Mobile,0,0
T000724,2025-01-31 04:00:00,85.44271441986697,Services,55,2210,4,South,Mobile,1,0
T000725,2025-01-31 05:00:00,184.4077141321478,Retail,75,2815,3,South,Mobile,0,1
T000726,2025-01-31 06:00:00,15.05582464141926,Online,47,254,4,South,Mobile,1,1
T000727,2025-01-31 07:00:00,158.6050111031868,Travel,77,521,4,West,Mobile,0,0
T000728,2025-01-31 08:00:00,22.517977306702296,Food,61,977,3,East,Mobile,0,1
T000729,2025-01-31 09:00:00,17.8715198965518,Services,51,3552,1,East,Mobile,1,0
T000730,2025-01-31 10:00:00,17.94446565599507,Online,49,10,3,South,Mobile,0,0
T000731,2025-01-31 11:00:00,168.51032825640087,Services,20,2774,2,South,Tablet,0,0
T000732,2025-01-31 12:00:00,109.42136390159689,Online,20,2553,3,West,Mobile,1,0
T000733,2025-01-31 13:00:00,74.03759563460443,Online,45,2833,4,East,Desktop,0,0
T000734,2025-01-31 14:00:00,44.44614016780682,Retail,61,1584,4,West,Mobile,0,0
T000735,2025-01-31 15:00:00,209.72026672943323,Food,32,2484,4,North,Mobile,1,0
T000736,2025-01-31 16:00:00,,Online,58,1135,0,North,Mobile,1,0
T000737,2025-01-31 17:00:00,169.60826628480697,Retail,40,153,0,West,Mobile,1,0
T000738,2025-01-31 18:00:00,57.827488111388035,Online,57,1659,7,East,Mobile,1,0
T000739,2025-01-31 19:00:00,47.311956581773714,Online,28,2965,3,North,Mobile,1,0
T000740,2025-01-31 20:00:00,62.11610598996026,Food,65,2917,4,South,Desktop,0,0
T000741,2025-01-31 21:00:00,35.864527543064206,Services,49,3174,4,West,Mobile,1,0
T000742,2025-01-31 22:00:00,137.67773129369394,Food,75,2801,3,South,Mobile,1,0
T000743,2025-01-31 23:00:00,69.8602815695596,Retail,76,1857,5,East,Mobile,0,0
T000744,2025-02-01 00:00:00,26.424253099706522,Online,74,1215,1,South,Mobile,0,0
T000745,2025-02-01 01:00:00,229.83398495505836,Online,71,1753,4,South,Desktop,0,1
T000746,2025-02-01 02:00:00,48.43317423587113,Retail,53,2611,1,West,Mobile,0,0
T000747,2025-02-01 03:00:00,78.42823821777635,Retail,77,1105,4,North,Mobile,0,0
T000748,2025-02-01 04:00:00,236.94956087096264,Food,50,2537,4,East,Mobile,1,0
T000749,2025-02-01 05:00:00,97.87993038573308,Retail,41,895,1,West,Mobile,0,0
T000750,2025-02-01 06:00:00,12.431461585777976,Online,56,1112,2,North,Desktop,1,0
T000751,2025-02-01 07:00:00,281.0616683932209,Retail,51,3266,3,South,Desktop,0,0
T000752,2025-02-01 08:00:00,98.80769289348262,Retail,73,104,2,East,Mobile,1,0
T000753,2025-02-01 09:00:00,40.78263155513094,Retail,45,3168,4,South,Mobile,0,0
T000754,2025-02-01 10:00:00,14.997682061642582,Travel,54,3495,2,South,Desktop,1,0
T000755,2025-02-01 11:00:00,158.0001395680267,Food,24,1915,8,South,Mobile,1,1
T000756,2025-02-01 12:00:00,96.77755075628524,Travel,21,3270,4,East,Mobile,1,0
T000757,2025-02-01 13:00:00,76.24138580490282,Online,54,3073,4,East,Desktop,1,0
T000758,2025-02-01 14:00:00,,Retail,73,1007,1,East,Mobile,1,0
T000759,2025-02-01 15:00:00,155.3990013696072,Online,18,407,3,North,Mobile,1,0
T000760,2025-02-01 16:00:00,,Online,18,1402,3,East,Mobile,1,0
T000761,2025-02-01 17:00:00,37.35625513958005,Food,64,167,3,West,Desktop,1,0
T000762,2025-02-01 18:00:00,28.566961854883793,Retail,37,unknown,7,East,Mobile,1,0
T000763,2025-02-01 19:00:00,136.23680618684116,Online,36,1662,3,East,Tablet,1,0
T000764,2025-02-01 20:00:00,3.410753985783793,Retail,46,2361,2,East,Desktop,0,0
T000765,2025-02-01 21:00:00,84.3713556386143,Online,27,3490,1,West,Mobile,1,1
T000766,2025-02-01 22:00:00,143.74137158597787,Services,77,763,3,West,Mobile,1,0
T000767,2025-02-01 23:00:00,209.3667344385938,Online,35,681,3,North,Mobile,0,0
T000768,2025-02-02 00:00:00,41.867459354509265,Online,45,2525,0,South,Mobile,1,1
T000769,2025-02-02 01:00:00,172.1807963541003,Online,-1,2121,3,South,Desktop,1,0
T000770,2025-02-02 02:00:00,11.724388509877734,Online,60,1165,5,South,Mobile,0,1
T000771,2025-02-02 03:00:00,187.37439572116875,Food,64,582,4,North,Mobile,0,0
T000772,2025-02-02 04:00:00,13.637963052807084,Food,48,262,4,West,Desktop,1,0
T000773,2025-02-02 05:00:00,50.63146312098643,Travel,44,1364,5,North,Mobile,0,0
T000774,2025-02-02 06:00:00,159.600536332649,Food,79,1332,2,East,Desktop,1,0
T000775,2025-02-02 07:00:00,16.242178992041616,Online,28,2293,3,East,Desktop,1,0
T000776,2025-02-02 08:00:00,26.039302244475092,Services,66,1539,3,North,Mobile,1,0
T000777,2025-02-02 09:00:00,128.10430976449055,Online,66,3409,4,West,Mobile,0,1
T000778,2025-02-02 10:00:00,127.30961719916947,Retail,55,3647,1,West,Desktop,1,0
T000779,2025-02-02 11:00:00,102.48442087373908,Food,22,561,2,South,Desktop,1,0
T000780,2025-02-02 12:00:00,118.4001709087617,Retail,25,1100,3,South,Mobile,0,1
T000781,2025-02-02 13:00:00,78.24691011956382,Travel,150,1904,2,North,Mobile,1,0
T000782,2025-02-02 14:00:00,,Online,65,175,3,East,Mobile,1,1
T000783,2025-02-02 15:00:00,42.41831937932634,Services,150,2157,5,North,Mobile,1,0
T000784,2025-02-02 16:00:00,20.040127451653184,Services,150,2231,1,East,Mobile,1,0
T000785,2025-02-02 17:00:00,239.08761393236517,Food,29,192,1,West,Mobile,1,1
T000786,2025-02-02 18:00:00,87.56090546365985,Services,55,65,1,North,Mobile,1,0
T000787,2025-02-02 19:00:00,51.224565947902235,Services,18,3011,1,West,Mobile,0,0
T000788,2025-02-02 20:00:00,61.99075063211633,Retail,48,1498,1,North,Tablet,1,0
T000789,2025-02-02 21:00:00,294.2823736997211,Online,21,3172,1,West,Desktop,1,0
T000790,2025-02-02 22:00:00,16.646955012850068,Retail,66,1568,3,North,Mobile,0,0
T000791,2025-02-02 23:00:00,88.24446091085541,Services,62,2912,2,East,Mobile,1,0
T000792,2025-02-03 00:00:00,70.49944407931773,Online,67,1152,5,South,Mobile,1,1
T000793,2025-02-03 01:00:00,94.53443180030727,Services,22,3524,5,West,Mobile,0,0
T000794,2025-02-03 02:00:00,1.8276180406497236,Retail,47,1938,2,East,Tablet,0,0
T000795,2025-02-03 03:00:00,205.66935225406965,Retail,73,369,2,North,Mobile,0,0
T000796,2025-02-03 04:00:00,268.9988536691252,Services,41,851,4,East,Tablet,0,0
T000797,2025-02-03 05:00:00,,Retail,76,unknown,0,South,Mobile,0,0
T000798,2025-02-03 06:00:00,119.28707405259583,Retail,20,1908,2,East,Desktop,0,0
T000799,2025-02-03 07:00:00,255.74693578456262,Retail,28,3491,3,West,Mobile,0,0
T000800,2025-02-03 08:00:00,122.83974533925182,Travel,62,2536,3,South,Mobile,1,0
T000801,2025-02-03 09:00:00,16.551050912412173,Services,21,78,3,South,Mobile,1,1
T000802,2025-02-03 10:00:00,85.87021498525603,Online,43,2874,1,North,Desktop,1,0
T000803,2025-02-03 11:00:00,,Retail,44,1825,3,East,Desktop,0,0
T000804,2025-02-03 12:00:00,,Online,63,1294,1,South,Desktop,1,0
T000805,2025-02-03 13:00:00,133.3490303883392,Food,71,674,2,South,Desktop,0,0
T000806,2025-02-03 14:00:00,272.3676885762475,Services,60,701,2,North,Desktop,1,0
T000807,2025-02-03 15:00:00,259.78762130541173,Retail,44,759,1,South,Mobile,1,0
T000808,2025-02-03 16:00:00,,Retail,59,1924,6,West,Mobile,1,0
T000809,2025-02-03 17:00:00,12.017870455178418,Retail,68,2776,2,South,Desktop,1,0
T000810,2025-02-03 18:00:00,418.91739891207067,Services,67,3387,7,East,Desktop,0,0
T000811,2025-02-03 19:00:00,182.5718110818443,Food,23,2973,8,West,Desktop,0,1
T000812,2025-02-03 20:00:00,13.31459597170634,Retail,76,902,2,East,Mobile,1,0
T000813,2025-02-03 21:00:00,253.6307940963276,Retail,78,2937,2,South,Mobile,0,0
T000814,2025-02-03 22:00:00,203.94239312268633,Retail,32,993,6,East,Tablet,0,0
T000815,2025-02-03 23:00:00,73.15513859686492,Travel,70,1192,3,West,Mobile,1,0
T000816,2025-02-04 00:00:00,,Retail,47,2387,1,North,Mobile,0,0
T000817,2025-02-04 01:00:00,50.916484340901356,Food,59,2241,3,South,Desktop,0,0
T000818,2025-02-04 02:00:00,5.631814924329379,Services,54,1477,0,North,Tablet,0,0
T000819,2025-02-04 03:00:00,40.82648863007412,Online,75,2331,6,South,Mobile,0,0
T000820,2025-02-04 04:00:00,,Retail,78,3408,2,South,Desktop,1,1
T000821,2025-02-04 05:00:00,0.4642784066342885,Retail,54,390,1,East,Tablet,1,0
T000822,2025-02-04 06:00:00,40.57138965901687,Services,59,1000,3,North,Tablet,0,0
T000823,2025-02-04 07:00:00,50.77780948546782,Food,77,525,3,East,Tablet,1,0
T000824,2025-02-04 08:00:00,77.08830241238817,Services,54,3312,5,East,Mobile,1,0
T000825,2025-02-04 09:00:00,252.39254761530415,Online,52,1856,1,South,Mobile,1,0
T000826,2025-02-04 10:00:00,42.51771108907901,Retail,40,1507,2,East,Mobile,0,0
T000827,2025-02-04 11:00:00,42.610648595849526,Travel,23,659,3,South,Mobile,0,0
T000828,2025-02-04 12:00:00,133.75089516655657,Food,21,2764,6,West,Mobile,1,0
T000829,2025-02-04 13:00:00,60.18777734923394,Retail,35,891,2,South,Mobile,1,0
T000830,2025-02-04 14:00:00,25.43824737027254,Travel,77,3627,3,East,Mobile,0,0
T000831,2025-02-04 15:00:00,60.22823505761551,Services,26,1482,4,West,Mobile,1,0
T000832,2025-02-04 16:00:00,15.181992193138704,Services,66,3161,5,South,Mobile,0,0
T000833,2025-02-04 17:00:00,19.405450320809674,Services,46,3167,1,North,Desktop,1,0
T000834,2025-02-04 18:00:00,68.98880428028177,Food,30,452,4,East,Mobile,0,0
T000835,2025-02-04 19:00:00,,Services,76,2476,4,South,Mobile,0,0
T000836,2025-02-04 20:00:00,246.32927352528128,Retail,64,3223,1,West,Mobile,0,0
T000837,2025-02-04 21:00:00,45.00345830397283,Online,-1,1538,6,West,Mobile,0,0
T000838,2025-02-04 22:00:00,,Travel,69,3448,5,South,Tablet,1,0
T000839,2025-02-04 23:00:00,100.0390772517848,Retail,34,3094,5,South,Mobile,0,0
T000840,2025-02-05 00:00:00,1.3180944825659227,Online,62,883,6,South,Mobile,1,0
T000841,2025-02-05 01:00:00,108.9268197035989,Online,49,313,3,South,Mobile,0,1
T000842,2025-02-05 02:00:00,19.60586401992482,Online,65,840,1,West,Mobile,0,0
T000843,2025-02-05 03:00:00,324.59982722724266,Services,39,2567,1,West,Mobile,1,0
T000844,2025-02-05 04:00:00,16.09469043101801,Travel,21,3278,6,South,Mobile,1,0
T000845,2025-02-05 05:00:00,53.55011145366069,Retail,22,375,2,North,Mobile,1,0
T000846,2025-02-05 06:00:00,8.921343765050313,Retail,54,451,4,South,Desktop,0,0
T000847,2025-02-05 07:00:00,,Retail,58,3063,3,South,Desktop,0,0
T000848,2025-02-05 08:00:00,69.75468656582261,Food,66,595,7,West,Mobile,1,0
T000849,2025-02-05 09:00:00,,Services,30,3251,2,North,Mobile,0,0
T000850,2025-02-05 10:00:00,,Retail,51,1234,4,West,Mobile,1,0
T000851,2025-02-05 11:00:00,138.61362552159991,Food,62,500,0,East,Mobile,0,0
T000852,2025-02-05 12:00:00,,Food,39,464,1,East,Mobile,0,1
T000853,2025-02-05 13:00:00,228.33148568116303,Food,70,3196,2,South,Desktop,0,0
T000854,2025-02-05 14:00:00,22.958882816083335,Travel,76,113,7,East,Mobile,1,0
T000855,2025-02-05 15:00:00,21.157042980881585,Retail,40,1036,5,East,Desktop,0,0
T000856,2025-02-05 16:00:00,,Food,68,3198,3,West,Mobile,1,0
T000857,2025-02-05 17:00:00,63.87857932954639,Online,20,3637,7,South,Tablet,1,0
T000858,2025-02-05 18:00:00,83.20441036761805,Food,59,2379,2,South,Desktop,0,0
T000859,2025-02-05 19:00:00,6.796694017915647,Services,51,1925,3,East,Desktop,1,0
T000860,2025-02-05 20:00:00,149.40025935983724,Food,49,3355,1,North,Mobile,1,0
T000861,2025-02-05 21:00:00,60.38346502936217,Services,150,140,3,South,Desktop,0,0
T000862,2025-02-05 22:00:00,74.31576545925968,Retail,68,1425,3,West,Desktop,1,0
T000863,2025-02-05 23:00:00,58.11814717875803,Online,-1,2950,4,North,Desktop,1,0
T000864,2025-02-06 00:00:00,,Travel,66,3169,3,South,Mobile,0,0
T000865,2025-02-06 01:00:00,82.01634571378747,Travel,150,517,4,South,Desktop,0,1
T000866,2025-02-06 02:00:00,16.87030067609555,Retail,63,2617,2,East,Mobile,0,0
T000867,2025-02-06 03:00:00,20.08050862086255,Retail,61,1948,4,North,Mobile,1,0
T000868,2025-02-06 04:00:00,197.89493282961402,Retail,38,2894,6,East,Desktop,1,0
T000869,2025-02-06 05:00:00,292.0911709264685,Services,61,3141,3,North,Mobile,0,0
T000870,2025-02-06 06:00:00,46.73021874751386,Food,28,2166,4,North,Mobile,1,0
T000871,2025-02-06 07:00:00,31.5731365692666,Retail,56,888,1,East,Mobile,0,0
T000872,2025-02-06 08:00:00,103.28232650944571,Online,21,3131,6,South,Desktop,0,1
T000873,2025-02-06 09:00:00,,Food,68,3105,4,West,Mobile,0,0
T000874,2025-02-06 10:00:00,2.571414873264703,Services,18,1342,2,North,Mobile,1,1
T000875,2025-02-06 11:00:00,16.978360329951062,Online,45,50,0,South,Mobile,1,0
T000876,2025-02-06 12:00:00,125.86832598530455,Services,41,3561,2,North,Desktop,0,0
T000877,2025-02-06 13:00:00,107.56497823175357,Online,78,19,4,South,Mobile,0,0
T000878,2025-02-06 14:00:00,2.7469857884440096,Retail,52,726,3,West,Desktop,1,0
T000879,2025-02-06 15:00:00,25.0992973866705,Services,30,unknown,4,West,Mobile,0,0
T000880,2025-02-06 16:00:00,26.2761578950931,Services,64,1474,4,North,Desktop,1,0
T000881,2025-02-06 17:00:00,111.44147228278518,Food,51,2607,6,East,Tablet,0,0
T000882,2025-02-06 18:00:00,1.9907381292139406,Services,28,452,3,East,Mobile,0,0
T000883,2025-02-06 19:00:00,10.993605860137281,Food,53,2337,2,North,Mobile,1,0
T000884,2025-02-06 20:00:00,160.90184272962415,Retail,68,1165,5,North,Desktop,1,0
T000885,2025-02-06 21:00:00,19.667770945178535,Online,78,1108,5,West,Mobile,1,0
T000886,2025-02-06 22:00:00,105.76990889205769,Retail,34,2439,4,West,Mobile,1,0
T000887,2025-02-06 23:00:00,,Retail,52,215,2,West,Desktop,1,0
T000888,2025-02-07 00:00:00,10.474003348487132,Services,77,unknown,1,West,Tablet,0,0
T000889,2025-02-07 01:00:00,,Travel,35,2263,5,East,Mobile,0,0
T000890,2025-02-07 02:00:00,128.1094813097032,Retail,57,3475,6,South,Mobile,1,0
T000891,2025-02-07 03:00:00,193.58363374539294,Online,39,128,1,North,Mobile,1,0
T000892,2025-02-07 04:00:00,177.32509999755644,Food,74,1846,6,North,Mobile,0,0
T000893,2025-02-07 05:00:00,50.61424894750884,Retail,41,3549,3,East,Desktop,0,0
T000894,2025-02-07 06:00:00,110.2876778404595,Services,75,760,4,West,Desktop,1,0
T000895,2025-02-07 07:00:00,22.939341032898078,Services,36,2452,3,West,Desktop,1,0
T000896,2025-02-07 08:00:00,34.69335886125168,Services,54,3101,3,West,Mobile,0,0
T000897,2025-02-07 09:00:00,226.65986286309044,Retail,56,1816,4,West,Mobile,1,0
T000898,2025-02-07 10:00:00,1.3087188396285003,Online,38,2386,1,West,Mobile,0,0
T000899,2025-02-07 11:00:00,8.938713963044913,Food,25,2879,5,North,Mobile,0,0
T000900,2025-02-07 12:00:00,,Services,45,2762,2,West,Desktop,1,0
T000901,2025-02-07 13:00:00,2.6890535224316885,Retail,22,361,4,East,Mobile,0,0
T000902,2025-02-07 14:00:00,20.020300329027275,Food,34,unknown,5,South,Desktop,0,0
T000903,2025-02-07 15:00:00,87.47687287443667,Retail,54,1416,3,West,Desktop,0,0
T000904,2025-02-07 16:00:00,54.71863183678004,Services,53,2266,3,West,Tablet,1,0
T000905,2025-02-07 17:00:00,223.18630208218275,Retail,-1,1598,4,North,Desktop,0,0
T000906,2025-02-07 18:00:00,,Travel,36,1693,2,North,Desktop,1,0
T000907,2025-02-07 19:00:00,41.8272805169032,Online,44,202,4,East,Mobile,0,0
T000908,2025-02-07 20:00:00,,Online,70,2065,0,East,Mobile,0,0
T000909,2025-02-07 21:00:00,,Retail,150,2370,0,West,Mobile,0,0
T000910,2025-02-07 22:00:00,89.23177501433052,Online,28,518,4,North,Mobile,0,0
T000911,2025-02-07 23:00:00,31.206170981527286,Food,71,3642,2,North,Desktop,0,0
T000912,2025-02-08 00:00:00,97.85622455470876,Travel,62,1349,2,South,Desktop,1,0
T000913,2025-02-08 01:00:00,52.663603927981114,Online,64,1436,1,North,Mobile,1,0
T000914,2025-02-08 02:00:00,80.30673665148444,Online,29,1342,2,North,Mobile,0,0
T000915,2025-02-08 03:00:00,57.29253950911121,Services,71,681,5,West,Mobile,1,0
T000916,2025-02-08 04:00:00,34.87999752623331,Food,38,1989,2,South,Desktop,1,0
T000917,2025-02-08 05:00:00,296.52672211522037,Services,71,3154,3,South,Desktop,0,0
T000918,2025-02-08 06:00:00,144.2254503732636,Online,28,3546,0,North,Desktop,1,0
T000919,2025-02-08 07:00:00,,Online,56,1492,2,South,Mobile,1,1
T000920,2025-02-08 08:00:00,202.85049277193238,Services,45,425,3,West,Mobile,1,0
T000921,2025-02-08 09:00:00,66.83203296619165,Retail,22,1969,4,East,Desktop,1,0
T000922,2025-02-08 10:00:00,224.95394902897434,Services,-1,1713,6,West,Desktop,0,0
T000923,2025-02-08 11:00:00,160.87144539299004,Online,73,3276,4,South,Mobile,1,0
T000924,2025-02-08 12:00:00,55.37566192586073,Food,37,3067,3,South,Desktop,0,0
T000925,2025-02-08 13:00:00,2.272558947754012,Retail,58,2435,2,South,Mobile,0,0
T000926,2025-02-08 14:00:00,31.290054777648667,Services,63,778,5,South,Desktop,1,0
T000927,2025-02-08 15:00:00,78.00877556797963,Online,75,2146,3,West,Desktop,0,0
T000928,2025-02-08 16:00:00,,Services,29,3417,3,South,Desktop,1,0
T000929,2025-02-08 17:00:00,29.825467992893888,Retail,23,1827,2,East,Mobile,0,0
T000930,2025-02-08 18:00:00,15.007441883071554,Services,34,208,3,North,Mobile,1,0
T000931,2025-02-08 19:00:00,180.13870871623917,Services,68,1538,6,East,Desktop,1,0
T000932,2025-02-08 20:00:00,416.06241631872336,Services,36,1660,1,West,Desktop,0,0
T000933,2025-02-08 21:00:00,74.5894546972087,Services,43,2634,2,East,Mobile,1,0
T000934,2025-02-08 22:00:00,,Services,65,2214,2,East,Desktop,1,0
T000935,2025-02-08 23:00:00,,Food,61,22,2,West,Mobile,1,0
T000936,2025-02-09 00:00:00,1.8561887410766007,Retail,61,unknown,7,East,Tablet,1,0
T000937,2025-02-09 01:00:00,245.6888527693557,Food,69,1963,1,South,Desktop,0,0
T000938,2025-02-09 02:00:00,12.5281043846203,Online,49,3511,3,South,Mobile,0,0
T000939,2025-02-09 03:00:00,85.92406688681558,Retail,23,3367,8,East,Mobile,0,0
T000940,2025-02-09 04:00:00,,Retail,72,219,1,East,Mobile,1,0
T000941,2025-02-09 05:00:00,80.78355154069853,Online,75,669,2,South,Mobile,0,0
T000942,2025-02-09 06:00:00,105.3888633986027,Food,53,1519,4,South,Mobile,1,0
T000943,2025-02-09 07:00:00,177.043919242236,Services,55,2278,1,West,Desktop,1,0
T000944,2025-02-09 08:00:00,23.120252750453584,Food,28,2068,4,North,Desktop,1,0
T000945,2025-02-09 09:00:00,,Online,50,2601,4,South,Mobile,0,0
T000946,2025-02-09 10:00:00,14.720807068739052,Online,79,950,4,North,Mobile,0,0
T000947,2025-02-09 11:00:00,230.27715288531817,Retail,41,2196,2,West,Mobile,0,0
T000948,2025-02-09 12:00:00,207.06013520531226,Online,40,3180,5,North,Mobile,0,0
T000949,2025-02-09 13:00:00,90.98443101964925,Online,32,403,3,East,Mobile,1,0
T000950,2025-02-09 14:00:00,91.75837185053469,Retail,44,596,3,North,Desktop,0,0
T000951,2025-02-09 15:00:00,,Retail,28,3555,3,East,Tablet,0,0
T000952,2025-02-09 16:00:00,19.282202863855215,Services,74,2415,2,West,Mobile,0,0
T000953,2025-02-09 17:00:00,245.82095607713015,Services,68,1438,3,South,Desktop,0,0
T000954,2025-02-09 18:00:00,54.260963434631805,Travel,67,3381,0,East,Tablet,1,0
T000955,2025-02-09 19:00:00,48.311079932786846,Travel,34,2850,1,South,Mobile,0,0
T000956,2025-02-09 20:00:00,73.1716932622681,Services,68,2966,1,South,Desktop,0,0
T000957,2025-02-09 21:00:00,4.810466429197722,Online,70,1158,3,West,Desktop,0,0
T000958,2025-02-09 22:00:00,18.186170504927233,Services,31,1743,5,South,Mobile,1,0
T000959,2025-02-09 23:00:00,,Food,44,1307,1,East,Mobile,0,0
T000960,2025-02-10 00:00:00,8.642827567184359,Retail,35,73,7,North,Desktop,0,0
T000961,2025-02-10 01:00:00,92.42022189851156,Online,45,481,3,North,Desktop,0,0
T000962,2025-02-10 02:00:00,28.150003360044078,Food,68,3424,2,South,Mobile,1,1
T000963,2025-02-10 03:00:00,49.31422569251884,Online,64,560,6,East,Mobile,1,0
T000964,2025-02-10 04:00:00,34.0652191954146,Services,64,3398,5,South,Mobile,0,0
T000965,2025-02-10 05:00:00,43.95484777228535,Services,21,745,4,East,Desktop,0,0
T000966,2025-02-10 06:00:00,126.95639866386867,Retail,24,1467,3,North,Mobile,1,0
T000967,2025-02-10 07:00:00,35.25715396055509,Online,62,100,1,North,Desktop,1,0
T000968,2025-02-10 08:00:00,83.56435307057022,Online,52,1083,4,West,Mobile,1,0
T000969,2025-02-10 09:00:00,64.63597866902617,Retail,65,2556,1,West,Mobile,1,0
T000970,2025-02-10 10:00:00,108.96659230926784,Retail,26,2306,1,North,Mobile,1,0
T000971,2025-02-10 11:00:00,276.1921647512969,Food,25,413,5,East,Mobile,0,0
T000972,2025-02-10 12:00:00,131.8905271255043,Retail,69,3524,2,South,Mobile,0,0
T000973,2025-02-10 13:00:00,,Online,62,1089,4,West,Mobile,0,0
T000974,2025-02-10 14:00:00,3.1679678824257844,Retail,34,2643,6,West,Mobile,0,0
T000975,2025-02-10 15:00:00,30.416930200558788,Travel,34,1178,3,West,Mobile,1,0
T000976,2025-02-10 16:00:00,90.40606518730972,Retail,66,2009,1,West,Mobile,1,0
T000977,2025-02-10 17:00:00,5.279527809977468,Online,-1,2314,3,South,Mobile,1,1
T000978,2025-02-10 18:00:00,68.59059560261889,Food,49,821,2,West,Desktop,1,1
T000979,2025-02-10 19:00:00,90.84288399875602,Food,25,3151,4,East,Desktop,1,0
T000980,2025-02-10 20:00:00,40.683187793810035,Retail,36,3387,2,North,Tablet,0,0
T000981,2025-02-10 21:00:00,147.36499591467347,Food,55,662,5,South,Mobile,0,0
T000982,2025-02-10 22:00:00,11.271891476467799,Online,20,2995,3,West,Mobile,0,0
T000983,2025-02-10 23:00:00,7.811050579224702,Online,76,560,4,West,Mobile,0,0
T000984,2025-02-11 00:00:00,130.26474102163928,Retail,-1,2965,3,North,Mobile,0,0
T000985,2025-02-11 01:00:00,68.41702266630686,Retail,30,2939,3,East,Desktop,1,0
T000986,2025-02-11 02:00:00,116.6042655733141,Services,64,1272,0,West,Mobile,1,0
T000987,2025-02-11 03:00:00,57.06239991288573,Online,63,1814,3,South,Mobile,1,1
T000988,2025-02-11 04:00:00,28.289625375853163,Online,78,2916,0,South,Mobile,1,0
T000989,2025-02-11 05:00:00,170.98236985711958,Services,48,610,3,East,Tablet,1,0
T000990,2025-02-11 06:00:00,160.652156396019,Food,72,2462,5,South,Tablet,0,0
T000991,2025-02-11 07:00:00,118.64488197091214,Retail,33,25,2,North,Mobile,0,0
T000992,2025-02-11 08:00:00,31.76536149880321,Services,67,2029,0,East,Mobile,0,0
T000993,2025-02-11 09:00:00,89.21608797234643,Retail,49,284,5,West,Desktop,1,0
T000994,2025-02-11 10:00:00,44.780997557982204,Food,39,1473,3,East,Tablet,1,0
T000995,2025-02-11 11:00:00,9.605073460665322,Services,46,2929,2,West,Mobile,1,0
T000996,2025-02-11 12:00:00,249.26998435376416,Travel,39,301,3,South,Mobile,1,0
T000997,2025-02-11 13:00:00,14.713044881952003,Retail,60,1092,2,North,Tablet,0,0
T000998,2025-02-11 14:00:00,300.04906531227624,Retail,20,1031,3,East,Desktop,1,0
T000999,2025-02-11 15:00:00,59.06010127908722,Retail,71,817,4,South,Mobile,0,0
T000760,2025-02-01 16:00:00,,Online,18,1402,3,East,Mobile,1,0
T000548,2025-01-23 20:00:00,73.46104241860377,Retail,59,3319,1,West,Mobile,1,0
T000940,2025-02-09 04:00:00,,Retail,72,219,1,East,Mobile,1,0
T000894,2025-02-07 06:00:00,110.2876778404595,Services,75,760,4,West,Desktop,1,0
T000773,2025-02-02 05:00:00,50.63146312098643,Travel,44,1364,5,North,Mobile,0,0
T000408,2025-01-18 00:00:00,235.79072969624536,Services,62,2607,1,West,Desktop,1,0
T000891,2025-02-07 03:00:00,193.58363374539294,Online,39,128,1,North,Mobile,1,0
T000547,2025-01-23 19:00:00,111.34412835191021,Services,77,1462,1,West,Mobile,0,0
T000687,2025-01-29 15:00:00,32.847503081065085,Online,20,420,2,North,Desktop,0,0
T000005,2025-01-01 05:00:00,16.959629191460518,Services,31,2000,1,South,Mobile,1,0
T000944,2025-02-09 08:00:00,23.120252750453584,Food,28,2068,4,North,Desktop,1,0
T000601,2025-01-26 01:00:00,,Online,-1,2636,2,East,Tablet,0,0
T000782,2025-02-02 14:00:00,,Online,65,175,3,East,Mobile,1,1
T000027,2025-01-02 03:00:00,72.20291550331277,Food,38,1573,2,East,Mobile,1,0
T000404,2025-01-17 20:00:00,38.57354261645083,Services,36,216,2,West,Desktop,0,0
T000255,2025-01-11 15:00:00,81.37369920602278,Online,21,3335,2,East,Tablet,0,0
T000787,2025-02-02 19:00:00,51.224565947902235,Services,18,3011,1,West,Mobile,0,0
T000056,2025-01-03 08:00:00,9.265545895311563,Food,150,2016,2,South,Desktop,1,0
T000276,2025-01-12 12:00:00,160.09499323084876,Retail,28,118,3,West,Mobile,1,0
T000735,2025-01-31 15:00:00,209.72026672943323,Food,32,2484,4,North,Mobile,1,0
T000100,2025-01-05 04:00:00,3.1933681293053824,Retail,38,unknown,1,East,Mobile,1,0
T000778,2025-02-02 10:00:00,127.30961719916947,Retail,55,3647,1,West,Desktop,1,0
T000751,2025-02-01 07:00:00,281.0616683932209,Retail,51,3266,3,South,Desktop,0,1
T000941,2025-02-09 05:00:00,80.78355154069853,Online,75,669,2,South,Mobile,0,0
T000809,2025-02-03 17:00:00,12.017870455178418,Retail,68,2776,2,South,Desktop,1,0
T000678,2025-01-29 06:00:00,,Retail,45,1539,1,East,Mobile,0,0
T000452,2025-01-19 20:00:00,55.20331253049737,Food,39,3233,3,South,Mobile,0,0
T000502,2025-01-21 22:00:00,37.037930155436,Retail,69,8,4,East,Tablet,0,0
T000123,2025-01-06 03:00:00,,Food,52,2456,4,South,Mobile,1,0
T000114,2025-01-05 18:00:00,100.34941905205311,Services,39,1590,0,South,Desktop,1,0
