customer_id,age,income,credit_score,loan_amount,employment_status,marital_status,region,has_other_loans,repaid_loan
C0000,56,25903.30519613641,400,12135.639552311257,Employed,Single,South,1,0
C0001,69,53051.954538008344,431,6666.948544250419,Employed,Single,North,1,0
C0002,46,,680,18451.18400190136,Employed,Married,South,1,0
C0003,32,28666.19435603489,431,2208.1580837144884,Self-Employed,Single,North,0,0
C0004,60,40301.4067363621,319,11342.43298051835,Employed,Divorced,South,0,0
C0005,25,,835,9884.022443408528,Employed,Single,South,0,0
C0006,38,75307.12452608848,526,9850.326645471265,Employed,Single,West,0,0
C0007,150,63224.59635424176,453,11254.842645224522,Employed,Single,North,1,1
C0008,36,49880.41038025074,768,21086.86784875815,Employed,Married,North,0,0
C0009,40,72199.16208335038,704,19102.777095031866,Employed,Married,North,0,0
C0010,28,51160.524614714275,501,13741.346590037474,Retired,Married,East,1,1
C0011,28,37080.73698007604,337,20668.117359295247,Employed,Single,North,0,0
C0012,41,72846.86115904486,487,9688.51422416813,Employed,Single,West,1,1
C0013,53,58083.65065526988,356,9008.58307126421,Unemployed,Married,South,1,1
C0014,57,34441.30768510315,319,19317.983296232953,Retired,Married,South,1,1
C0015,41,,572,17898.216146613235,Employed,Married,South,1,0
C0016,20,,418,12698.682992083384,Unemployed,Single,North,1,0
C0017,39,29258.00403553496,815,9322.695531509347,Employed,Married,North,0,0
C0018,19,63892.66321297462,520,22298.6593751897,Employed,Divorced,South,0,0
C0019,41,,825,6399.487245260909,Employed,Single,South,0,1
C0020,61,29021.486392712883,814,12007.870323282197,Self-Employed,Married,North,1,0
C0021,47,58444.538550358564,635,16142.882637589486,Self-Employed,Single,North,0,0
C0022,55,,354,24010.824042157226,Employed,Divorced,West,0,1
C0023,19,42693.11924352956,799,16915.501060366103,Employed,Married,North,0,1
C0024,38,41114.09113641696,835,17401.523265066495,Self-Employed,Divorced,West,0,0
C0025,50,37040.138454802756,invalid,12153.081499259364,Employed,Married,East,1,1
C0026,29,50727.82441917241,458,17842.40112637299,Employed,Single,North,0,1
C0027,39,,487,15526.546604395435,Self-Employed,Divorced,North,1,1
C0028,61,54056.85238669758,359,7057.67729791221,Self-Employed,Single,North,1,1
C0029,42,49246.42835826294,618,18964.674267465536,Self-Employed,Single,East,0,1
C0030,66,46415.77929700386,510,19851.96694923426,Unemployed,Married,East,1,0
C0031,44,36386.545069376036,705,19016.825244105814,Employed,Married,East,1,0
C0032,59,,408,15166.63962832901,Self-Employed,Divorced,West,1,0
C0033,45,61330.86838738634,375,10219.115584251764,Self-Employed,Single,East,1,0
C0034,33,57513.75781436571,841,3454.081343575672,Employed,Married,North,1,0
C0035,32,,613,15785.268027007252,Employed,Married,North,1,0
C0036,64,51489.98458143839,416,20409.710298704245,Employed,Single,West,1,0
C0037,68,61270.80685057683,318,19977.662345415403,Employed,Single,North,0,1
C0038,-5,24958.920783179423,731,19080.36421696924,Self-Employed,Single,North,0,0
C0039,69,58150.402885699026,649,14628.945107253046,Unemployed,Single,East,1,0
C0040,20,40060.643615812296,482,20437.320870157484,Employed,Divorced,South,1,0
C0041,54,58558.98002889739,412,19620.809119279515,Employed,Married,West,0,1
C0042,68,38551.11265186225,482,12886.83219639221,Retired,Married,East,0,0
C0043,24,22926.768490032213,780,18382.990083079236,Employed,Divorced,North,0,0
C0044,38,25586.86343175256,445,12320.204272953542,Employed,Single,West,0,1
C0045,26,,412,17700.12115808461,Employed,Married,North,1,0
C0046,56,53895.83752582223,775,8504.416778494666,Employed,Married,South,1,0
C0047,35,36435.25062343387,602,8888.940956635393,Employed,Married,South,0,1
C0048,21,59578.88688166061,417,20291.035234719537,Employed,Single,North,0,0
C0049,42,,460,19687.800611023824,Employed,Divorced,South,0,1
C0050,31,49008.80302029025,700,18168.057702879156,Employed,Single,North,0,0
C0051,67,31834.75700356315,497,15439.844105264152,Employed,Single,South,1,0
C0052,26,40222.45838296761,559,3043.627844879258,Employed,Married,South,0,0
C0053,43,50710.98006974621,346,14625.620308967553,Self-Employed,Single,East,0,1
C0054,19,,698,17270.915835949192,Unemployed,Married,West,0,1
C0055,37,44231.66683655262,377,12326.333762202043,Employed,Married,North,1,1
C0056,150,65094.39213821661,423,11437.529035958813,Employed,Married,South,1,0
C0057,64,,374,22222.101940768458,Self-Employed,Single,South,1,0
C0058,24,62535.38168097712,436,14698.55504304194,Employed,Single,North,0,1
C0059,61,33054.397180135726,699,17273.975848211903,Employed,Single,East,0,1
C0060,25,,804,18870.657308096826,Self-Employed,Married,East,0,0
C0061,64,71623.5293098685,799,9992.81461747461,Unemployed,Single,North,1,0
C0062,52,12925.332498090662,437,15966.037113570968,Unemployed,Single,South,1,0
C0063,31,,349,21598.2224723865,Employed,Single,North,0,0
C0064,34,58656.081907708096,553,24096.115916498606,Self-Employed,Single,East,0,1
C0065,53,,725,15199.681986073452,Employed,Married,North,1,0
C0066,67,,846,13810.282263264628,Self-Employed,Married,West,0,0
C0067,57,40940.22219926269,601,16345.120340687667,Employed,Single,East,0,0
C0068,21,51298.8468120935,648,16218.185235137606,Employed,Married,South,0,0
C0069,19,,348,21933.790330655767,Self-Employed,Married,South,1,0
C0070,23,,373,10018.041554164663,Employed,Married,West,0,0
C0071,59,53816.31264951819,560,13600.634569169892,Employed,Married,South,0,0
C0072,21,,655,9414.293365617446,Retired,Married,North,0,1
C0073,46,,559,9939.525571012115,Employed,Married,South,0,1
C0074,35,,594,16882.87007569562,Employed,Single,West,1,1
C0075,43,43511.627182705684,612,19049.28920818513,Employed,Married,East,1,0
C0076,61,55916.78213567445,481,11753.041531281275,Self-Employed,Married,East,1,1
C0077,51,43685.232787696055,663,18860.47394487645,Self-Employed,Single,West,0,0
C0078,27,,487,20557.89328565984,Employed,Single,West,1,0
C0079,53,81131.01197968159,842,24673.52999216695,Self-Employed,Divorced,West,0,0
C0080,31,63066.87055147538,847,15348.734244205245,Employed,Married,North,1,0
C0081,48,45109.647017482384,707,11801.177362779335,Self-Employed,Married,South,0,1
C0082,65,68018.20883245918,713,9987.640341970528,Employed,Divorced,East,1,0
C0083,32,43878.86940467673,641,9491.034010400532,Employed,Married,East,1,0
C0084,25,19428.13197233219,519,21248.903507018033,Retired,Married,East,1,1
C0085,31,34878.70533623894,462,7424.523285221748,Employed,Married,North,0,1
C0086,40,21938.121184612166,519,21088.742428256002,Employed,Married,East,0,1
C0087,57,44727.297739380374,569,10657.794853739255,Employed,Married,East,0,0
C0088,38,50276.27568784328,699,11573.969010702971,Retired,Married,North,1,1
C0089,33,75146.55968412924,481,14242.222724950101,Employed,Single,South,0,0
C0090,62,,504,11481.727252167444,Employed,Divorced,North,0,0
C0091,35,46713.49206786704,527,19659.898774797875,Employed,Married,South,0,0
C0092,-5,62441.083717752335,549,24066.719759913874,Employed,Single,North,0,1
C0093,41,16832.970364881723,740,11712.83921223431,Employed,Married,South,0,1
C0094,43,53534.21837162849,832,12838.810804176866,Self-Employed,Married,South,0,0
C0095,42,61562.9779083045,495,14183.395963580508,Retired,Single,East,1,0
C0096,-5,,818,17705.28381746319,Employed,Married,East,1,0
C0097,58,67156.31064810394,369,14232.578605220717,Employed,Married,West,0,0
C0098,46,55077.44611241621,698,21936.28705526298,Employed,Married,North,1,0
C0099,32,43770.681291487985,502,20733.11958280964,Employed,Single,North,1,0
C0100,62,59491.72799159427,447,9072.688232024499,Unemployed,Married,West,0,1
C0101,18,84060.39286706594,771,17604.840827874144,Employed,Married,North,0,0
C0102,42,,498,22601.696186547513,Employed,Single,West,1,1
C0103,24,,725,12526.095271165583,Self-Employed,Divorced,West,0,1
C0104,26,43109.58650689634,791,13528.675641032218,Employed,Married,South,1,0
C0105,41,,441,12359.815010735223,Self-Employed,Single,West,1,1
C0106,18,62455.03724816369,612,12464.621922382472,Employed,Married,North,1,1
C0107,61,37158.74261136699,464,6657.742240444761,Unemployed,Married,South,0,0
C0108,25,51073.49355829089,613,8358.425242674746,Retired,Single,East,1,0
C0109,-5,,320,15387.36859368615,Self-Employed,Single,South,0,0
C0110,28,57184.697386195876,381,22567.98987326389,Retired,Single,West,0,0
C0111,68,55004.931579304226,430,11933.195937408585,Employed,Single,North,0,1
C0112,34,,604,11786.213485257209,Employed,Married,South,0,1
C0113,25,,670,23507.605352103674,Self-Employed,Married,South,0,1
C0114,52,45951.87597059943,683,9458.712690920067,Employed,Single,East,1,0
C0115,52,35318.54426326539,744,6693.78418646789,Employed,Single,North,0,0
C0116,50,,724,10857.422819312502,Employed,Single,South,0,0
C0117,22,,460,11686.07760602817,Employed,Divorced,West,0,0
C0118,59,61354.829249680275,477,6262.734576524674,Employed,Single,North,0,1
C0119,56,36167.52013733562,789,14359.791468626943,Employed,Divorced,West,0,1
C0120,58,63044.088801584905,626,19742.231749307677,Self-Employed,Married,South,1,0
C0121,45,70334.56788207426,588,8570.226131425869,Employed,Single,East,0,0
C0122,24,56201.523548355515,653,15437.891094767945,Employed,Married,East,0,1
C0123,26,,327,16979.678378133867,Employed,Married,North,1,1
C0124,25,38393.1620134464,342,14583.078623628535,Employed,Married,South,0,0
C0125,-5,,722,15928.462948705297,Unemployed,Divorced,West,1,1
C0126,51,,476,15986.636312976054,Employed,Single,South,1,0
C0127,150,72440.66467233775,828,10936.36021540784,Employed,Single,West,1,1
C0128,65,59815.484845310864,793,22492.91286005934,Unemployed,Married,South,1,1
C0129,40,,497,21238.784170381077,Employed,Single,North,0,1
C0130,41,54199.529394797304,816,20949.55698620584,Employed,Single,South,0,0
C0131,54,33117.66429052435,813,20068.378702719318,Employed,Single,West,1,0
C0132,52,86686.27969425239,321,7125.10265283488,Retired,Single,South,1,0
C0133,61,51938.31772962841,411,19630.31188905983,Employed,Married,West,0,0
C0134,57,51640.92191907339,356,18278.00713774754,Employed,Single,West,1,0
C0135,39,,365,7317.381925281084,Employed,Married,South,1,0
C0136,44,57215.1384760507,397,13925.448224249609,Employed,Married,North,1,0
C0137,52,,443,16383.967246626442,Employed,Married,East,0,1
C0138,18,38142.88316832032,invalid,23321.585490623176,Employed,Single,South,1,1
C0139,52,57072.025357039936,385,18623.619289471295,Employed,Married,East,0,1
C0140,-5,78230.3674471255,643,10677.171363608493,Retired,Single,South,0,1
C0141,64,70181.30069232467,593,23476.942292259817,Self-Employed,Married,South,0,0
C0142,31,73897.79939959096,542,15218.898813569445,Employed,Married,East,1,1
C0143,20,42331.76485353222,331,13720.794315484542,Unemployed,Married,South,1,0
C0144,18,,690,13364.40901705594,Employed,Married,South,0,1
C0145,22,48113.19619850528,576,6882.223809884334,Employed,Married,South,0,1
C0146,43,50835.87368433042,831,14451.152480919289,Self-Employed,Single,South,0,1
C0147,31,66412.87277706423,453,17487.42628652829,Unemployed,Married,South,1,0
C0148,56,24613.03055427771,682,13073.083362373922,Self-Employed,Married,West,1,1
C0149,44,,367,17102.26238623779,Employed,Single,South,0,0
C0150,26,,513,10678.044645429096,Retired,Married,South,0,0
C0151,32,,675,14295.3604286119,Employed,Divorced,East,1,1
C0152,32,,512,16582.701633043158,Unemployed,Divorced,North,0,0
C0153,43,25177.14992201346,378,15948.304385317104,Retired,Married,North,1,0
C0154,59,62347.55875942872,680,6972.674551404768,Employed,Married,West,1,1
C0155,30,51099.76950782606,357,12804.970245643857,Self-Employed,Single,East,0,1
C0156,68,30650.58650388419,325,23387.31465156303,Employed,Divorced,South,0,1
C0157,49,30573.818419045758,746,12537.76962834741,Employed,Single,East,1,1
C0158,56,44963.229510648074,365,15079.037720559198,Employed,Married,North,1,1
C0159,66,75035.32287934089,553,14566.221247255278,Employed,Single,East,1,1
C0160,69,46106.12972954593,343,22841.198794598255,Retired,Single,South,1,0
C0161,49,27452.855703228408,396,21451.84061097335,Self-Employed,Married,South,1,1
C0162,21,,526,19037.654999094048,Employed,Divorced,South,0,0
C0163,47,45909.146453784946,735,10133.788433137332,Unemployed,Single,North,1,0
C0164,54,9546.700355876426,678,16795.9152459604,Retired,Married,North,1,1
C0165,40,49185.577002232814,477,17839.70871537566,Employed,Single,West,1,0
C0166,56,46535.98204686983,726,11506.97582201973,Retired,Single,South,0,1
C0167,62,,606,10647.414470761556,Employed,Married,South,0,1
C0168,32,,803,23525.07073603515,Unemployed,Married,North,1,0
C0169,60,66898.47544321636,invalid,13495.983438915355,Employed,Single,North,1,1
C0170,46,,307,23074.884094555742,Employed,Single,East,0,0
C0171,150,33402.11136887495,807,19985.46877747267,Employed,Single,South,0,1
C0172,30,,775,17039.38391187661,Self-Employed,Single,South,0,1
C0173,49,50888.27651021732,596,17262.65718179742,Employed,Divorced,North,0,0
C0174,24,50208.939378694195,463,7997.902198346162,Employed,Divorced,East,1,1
C0175,68,49638.12369334995,784,16033.873899172082,Employed,Single,North,0,1
C0176,39,52971.271411517824,371,22085.102064908133,Retired,Married,North,1,0
C0177,45,47834.593821140865,537,18406.697515928045,Employed,Divorced,South,1,0
C0178,19,41395.069896796456,403,15771.683435322051,Employed,Single,North,0,0
C0179,59,41797.115881394115,509,23559.685979085152,Employed,Married,North,0,1
C0180,62,49508.70094676002,767,14074.79638669598,Employed,Divorced,East,0,0
C0181,23,41848.62843299352,753,11902.221624891577,Unemployed,Single,East,0,1
C0182,150,,567,15769.159580391284,Unemployed,Single,West,1,0
C0183,45,51596.453415378455,685,18832.33684055798,Employed,Divorced,South,1,0
C0184,61,46175.34173868717,686,6411.029520958695,Employed,Married,North,1,1
C0185,61,72559.89482874033,558,16424.343217452086,Self-Employed,Single,North,0,1
C0186,37,10235.45287410482,582,19051.72507768155,Employed,Single,West,1,0
C0187,47,,339,13651.791873515696,Unemployed,Married,South,0,1
C0188,28,,785,20534.823831513208,Self-Employed,Married,East,1,0
C0189,45,18899.146513877757,519,18205.93331205535,Self-Employed,Married,North,0,1
C0190,42,,428,25706.915592555386,Employed,Divorced,South,1,1
C0191,56,44428.38701006313,invalid,11246.985512093925,Employed,Single,North,1,0
C0192,50,28887.32457923268,559,19153.549252480447,Retired,Married,South,0,0
C0193,18,38332.74968613687,665,9913.380461012977,Employed,Married,West,1,1
C0194,44,33341.36231801257,843,6923.16774361637,Self-Employed,Married,West,1,1
C0195,69,76284.05665135435,823,4822.345785910635,Employed,Single,South,0,0
C0196,30,64035.17589721191,315,17691.620111984634,Self-Employed,Divorced,South,0,1
C0197,58,69073.32642491237,428,15921.239569720512,Employed,Married,West,0,1
C0198,20,60825.08096064853,408,12604.74471319123,Employed,Married,East,0,0
C0199,56,,832,6132.478330251935,Employed,Married,North,0,1
C0200,23,,568,11548.066869306618,Self-Employed,Single,South,1,0
C0201,25,57340.61841841877,461,15020.46503837728,Self-Employed,Married,North,0,0
C0202,44,,559,18965.84683396549,Employed,Married,South,1,0
C0203,26,,401,14917.321248761871,Employed,Married,South,1,0
C0204,54,46395.119027627974,805,16260.301713526389,Self-Employed,Divorced,South,0,1
C0205,50,44377.68788675604,546,13119.33809512932,Employed,Married,South,1,0
C0206,68,60664.39952305237,836,23746.121012635773,Employed,Single,North,1,0
C0207,59,56663.9496722906,430,9908.751778358861,Employed,Married,South,0,0
C0208,61,,652,11503.808913574361,Employed,Single,West,1,0
C0209,41,67389.94705046373,495,12538.209630032434,Employed,Single,East,0,1
C0210,-5,33784.05008600154,681,17713.52198988362,Employed,Single,South,0,0
C0211,49,59239.034104163955,526,9805.701051065596,Employed,Married,West,0,1
C0212,49,58896.51886952575,775,15678.592952739993,Employed,Married,West,1,0
C0213,41,,776,15824.550717132786,Employed,Married,North,1,0
C0214,58,54891.99533363177,564,11528.2101463331,Employed,Married,North,1,0
C0215,69,31233.296354220456,671,16649.897304784285,Employed,Married,East,1,0
C0216,66,63860.40528810352,785,9960.930506312845,Unemployed,Single,West,0,0
C0217,66,47226.46795335517,733,9414.62928769127,Employed,Married,West,1,0
C0218,69,,510,15498.028782607204,Employed,Single,West,0,1
C0219,29,65735.13838755334,676,6701.222072609686,Employed,Single,East,1,1
C0220,56,39434.84464185861,694,4275.986487248811,Employed,Married,South,1,0
C0221,19,28873.080554546606,749,17664.166503984,Employed,Single,North,1,1
C0222,20,,663,20244.849712955853,Employed,Single,North,1,0
C0223,66,59090.14927018459,756,12665.984406537355,Unemployed,Married,South,1,0
C0224,54,,525,11659.646739511147,Employed,Married,East,0,1
C0225,66,76321.91272976546,430,20027.676129872798,Retired,Married,South,1,0
C0226,34,18771.058881744168,775,9272.3089100054,Employed,Divorced,East,1,1
C0227,66,75446.84552435057,576,8183.136876394208,Employed,Married,North,1,0
C0228,19,,455,18538.182118542438,Employed,Married,South,1,0
C0229,19,,517,15045.190932561536,Employed,Single,North,0,1
C0230,45,41826.21369786575,489,20324.38369645119,Employed,Married,South,1,0
C0231,40,55987.04171528106,invalid,4298.670606110105,Self-Employed,Married,East,0,0
C0232,150,49435.47946362727,845,7996.630044407185,Employed,Married,East,1,0
C0233,49,66549.52823024782,340,15071.660299220783,Retired,Married,West,0,1
C0234,50,51713.41472993059,invalid,17088.368492418933,Unemployed,Single,North,0,0
C0235,18,52254.52642192817,637,19234.985438447293,Employed,Single,South,0,0
C0236,36,44545.81681679216,613,15874.088844043888,Employed,Married,South,0,0
C0237,19,49145.81564418399,374,15823.275776792845,Employed,Single,South,0,1
C0238,61,,578,13052.992284849008,Employed,Married,West,1,1
C0239,43,24347.474110150615,475,22954.52452452259,Employed,Single,East,0,1
C0240,49,,572,9484.882722647511,Employed,Divorced,West,1,1
C0241,23,61148.96141034072,588,16795.100762779693,Employed,Divorced,North,0,1
C0242,49,52562.981571919125,571,10060.955827059901,Employed,Single,West,0,0
C0243,21,47240.24995470981,365,17673.892729025047,Retired,Single,North,1,1
C0244,28,50276.5089959809,782,9814.912153061168,Self-Employed,Married,West,0,1
C0245,34,55213.72558042507,547,18719.07849250229,Retired,Divorced,South,0,0
C0246,55,41903.60479535958,455,15560.524734122586,Employed,Married,South,0,0
C0247,41,,346,23723.195866293405,Employed,Single,South,0,0
C0248,22,52937.67882646522,753,13594.901763642072,Employed,Married,West,1,1
C0249,69,35324.40833577452,500,17124.830581237726,Employed,Married,North,0,0
C0250,51,56123.79133571708,423,11101.718597696452,Employed,Single,South,0,0
C0251,23,24461.245936432395,300,13560.534967793526,Self-Employed,Married,West,1,1
C0252,150,65437.33455988466,490,15528.747397221765,Self-Employed,Single,South,1,0
C0253,28,57088.96223619564,815,7363.90038764313,Employed,Single,North,0,0
C0254,65,53840.44601470813,741,7911.88032907614,Employed,Single,South,0,0
C0255,33,64740.36475918271,442,17999.296499178225,Employed,Single,South,1,0
C0256,50,74982.11666693864,490,14269.565892341601,Employed,Single,West,0,0
C0257,26,65215.55097527196,832,12035.36733475989,Employed,Married,East,1,0
C0258,23,22386.88653002532,526,11315.069097916221,Employed,Single,South,0,0
C0259,33,30806.345498964478,612,11507.556021381532,Employed,Single,West,1,0
C0260,46,,601,15562.753575041143,Retired,Single,South,1,0
C0261,20,50391.36575316251,759,17225.179320580948,Employed,Divorced,North,1,0
C0262,37,,700,4539.463851873879,Self-Employed,Married,North,0,1
C0263,53,,692,22064.17028384946,Employed,Married,South,0,1
C0264,36,52801.50146715617,506,21708.503814709962,Employed,Married,North,0,0
C0265,43,38669.256014700164,509,3346.726182265502,Employed,Divorced,West,0,0
C0266,20,,414,20429.633481613986,Employed,Single,East,1,1
C0267,36,28900.083547276667,550,20276.09425665521,Employed,Married,North,1,0
C0268,37,,518,15002.227470937725,Self-Employed,Married,South,1,0
C0269,49,29724.730915754997,706,8514.156890575618,Self-Employed,Married,East,0,1
C0270,24,35361.90120534001,742,20076.14045832536,Employed,Single,West,0,1
C0271,69,65804.62694911759,653,13793.844668513242,Employed,Married,West,0,1
C0272,58,35759.01666752085,849,17744.394219094782,Retired,Single,South,1,0
C0273,50,,441,26096.006359808893,Employed,Married,East,0,0
C0274,57,57399.76851321334,800,16259.183753118094,Employed,Married,South,0,0
C0275,56,,846,10415.57654140719,Employed,Single,South,1,0
C0276,35,37124.6332972818,841,13321.345025401391,Self-Employed,Married,North,1,1
C0277,57,60504.64819113487,806,11052.773198795061,Retired,Single,North,0,0
C0278,18,41365.43260643339,580,17167.448587242612,Employed,Married,South,1,1
C0279,28,51830.147219680424,723,10969.662206250976,Unemployed,Married,North,0,0
C0280,45,88401.26807403192,569,12635.742888251785,Unemployed,Single,North,1,1
C0281,42,48559.10150413025,453,8577.848127962001,Employed,Single,East,1,0
C0282,67,67239.09989428514,382,14339.564972404283,Employed,Divorced,North,1,0
C0283,40,,725,15883.773966510247,Employed,Single,South,0,1
C0284,150,,574,1576.0597644125392,Retired,Single,South,0,0
C0285,47,76562.00953453264,583,16297.867807401104,Employed,Single,West,0,0
C0286,59,,472,14771.498844516103,Self-Employed,Married,South,1,0
C0287,52,,626,11175.040256219363,Employed,Married,North,1,0
C0288,24,,362,25143.144621349365,Self-Employed,Single,South,1,0
C0289,33,41562.99836158598,372,19792.382638023773,Employed,Single,West,1,0
C0290,43,,674,9517.987569242992,Employed,Single,West,0,1
C0291,150,64588.316744400945,807,19191.1843978557,Unemployed,Single,South,0,1
C0292,69,59327.149433257946,697,21222.49038010529,Unemployed,Married,South,0,1
C0293,66,,419,15660.104613087786,Unemployed,Married,West,1,1
C0294,19,,736,16807.21018473663,Employed,Single,North,1,1
C0295,18,46287.22046672743,764,16691.733334607954,Self-Employed,Single,East,0,0
C0296,65,48883.498563499306,585,4570.920705383556,Employed,Single,South,1,0
C0297,29,59310.08146326017,564,14065.652015748004,Employed,Divorced,North,0,1
C0298,22,52665.51501399881,619,13805.435790079857,Employed,Divorced,South,1,0
C0299,54,29969.83461934848,675,22150.77818279939,Employed,Married,North,1,0
C0300,49,55702.967765089445,388,16668.639317809364,Employed,Single,East,0,0
C0301,26,,502,13511.945189416527,Retired,Single,West,0,0
C0302,58,58396.856718965595,633,14549.376295044944,Employed,Single,North,1,1
C0303,52,66211.71088331932,521,20116.927908137004,Self-Employed,Single,West,0,1
C0304,36,,340,14077.076683773423,Employed,Married,North,0,0
C0305,65,56887.70118842655,367,11509.022334541954,Employed,Married,South,1,0
C0306,33,48947.51432812029,813,13621.489035395669,Employed,Married,North,1,1
C0307,20,25085.58599726013,426,19703.48071911341,Retired,Married,West,1,0
C0308,37,56444.273286988784,554,17480.82452798968,Unemployed,Single,East,0,0
C0309,41,53115.31530744667,315,15221.33986674557,Retired,Married,East,1,0
C0310,50,54073.6825579306,776,15957.696497224151,Retired,Single,West,1,1
C0311,41,,361,12201.28763202259,Employed,Single,East,1,1
C0312,69,,731,14030.252997786733,Employed,Married,West,1,0
C0313,28,65797.29279999355,567,11683.478391127413,Self-Employed,Single,East,1,0
C0314,66,49406.672692150176,334,13526.103578501283,Employed,Married,West,0,0
C0315,25,60222.510460589365,793,21730.891318133123,Employed,Single,South,1,0
C0316,53,50424.77564195692,768,9610.64094311405,Employed,Married,North,1,0
C0317,55,50446.34209243618,624,11556.411667885426,Employed,Married,South,0,0
C0318,57,64074.25708963996,603,8728.50568532124,Employed,Single,North,1,1
C0319,37,42259.32907673939,575,7645.456214062008,Employed,Married,South,1,1
C0320,52,51441.811654114754,500,14066.140429023542,Employed,Single,South,0,0
C0321,65,43065.87066942436,744,11911.954090996067,Employed,Married,East,1,1
C0322,42,43482.55658851527,invalid,23808.444653960963,Employed,Married,North,0,0
C0323,52,45362.41814797041,334,13585.767269111033,Employed,Married,North,1,0
C0324,42,53332.00657450569,781,21446.98431715012,Self-Employed,Divorced,South,0,1
C0325,46,,779,19840.03237470317,Employed,Single,West,0,1
C0326,35,68836.34188360281,364,13955.22922387993,Employed,Married,South,1,0
C0327,63,36580.89046670744,307,25550.677910428116,Self-Employed,Married,South,0,0
C0328,35,47196.92533757961,600,16342.669932324043,Employed,Divorced,East,0,1
C0329,19,43404.034125887374,642,22565.046330019944,Employed,Single,East,1,1
C0330,52,71704.668265306,730,21982.98445790632,Self-Employed,Married,North,1,0
C0331,33,52948.32164767362,723,17073.239925523914,Employed,Married,South,0,0
C0332,58,,631,18755.654239029252,Self-Employed,Single,North,1,0
C0333,53,27716.59440444542,737,18120.357075597378,Self-Employed,Married,West,0,1
C0334,50,54005.75398803888,473,9278.69284304146,Self-Employed,Single,North,0,0
C0335,21,63344.46193435155,826,15286.451772265082,Employed,Married,South,1,1
C0336,50,51234.259839131366,325,20371.2361697233,Employed,Married,North,1,0
C0337,31,65982.20562598026,705,22630.931586808307,Employed,Married,North,0,1
C0338,38,42240.673248494415,531,11396.801640840251,Employed,Married,East,1,1
C0339,65,,832,17644.1565090651,Employed,Married,North,1,1
C0340,37,84483.47185428876,849,15754.351066387673,Employed,Single,North,0,1
C0341,25,44557.42159340512,invalid,14410.629677092022,Employed,Single,South,0,0
C0342,24,43317.462178988426,478,16780.01314612513,Employed,Married,North,0,1
C0343,20,71800.7671567655,431,16089.987053330686,Employed,Single,North,0,1
C0344,34,,754,17707.03784436294,Employed,Single,West,0,1
C0345,50,42157.09959270098,647,22208.583804750262,Self-Employed,Married,East,0,0
C0346,65,43697.19774356214,839,18920.6379543235,Employed,Single,West,1,0
C0347,29,45773.230867092396,705,16552.956294363514,Employed,Single,West,0,0
C0348,68,29833.242334485843,375,24323.125284115395,Retired,Married,East,1,0
C0349,39,,791,20549.647979401678,Employed,Single,North,1,0
C0350,39,34937.88849871898,493,14538.007806983258,Employed,Divorced,East,0,0
C0351,63,,461,8914.397988235474,Employed,Married,West,1,1
C0352,47,49479.72668919828,646,10060.846595397672,Self-Employed,Married,East,0,1
C0353,55,,660,19666.16224157817,Employed,Single,South,1,1
C0354,55,73257.50739221115,386,11848.437603735094,Employed,Married,North,0,0
C0355,62,35024.68938891814,561,9959.72261444026,Employed,Married,West,0,1
C0356,68,64764.83597714876,513,11209.573366564002,Unemployed,Married,East,0,1
C0357,25,,561,11563.0784395465,Employed,Single,West,0,0
C0358,44,49258.044355213504,582,19253.238338911255,Employed,Married,North,1,1
C0359,44,60122.29238249906,766,14216.28962108862,Unemployed,Married,North,1,0
C0360,51,,679,8138.126998502971,Employed,Married,North,1,1
C0361,38,,661,15155.224488811784,Unemployed,Married,East,1,0
C0362,47,52496.78312319584,invalid,16111.33066224121,Employed,Married,North,1,0
C0363,-5,57386.76896012224,740,12603.315692795743,Unemployed,Married,North,0,0
C0364,45,54337.52965861727,392,20779.4254209635,Employed,Single,West,0,1
C0365,64,86829.50209866342,723,12895.305571538576,Self-Employed,Married,North,0,1
C0366,50,,441,20541.68843318575,Retired,Single,West,0,0
C0367,22,42035.04567497274,590,17983.91389837488,Employed,Married,South,0,0
C0368,65,,731,19633.027540222036,Employed,Single,West,1,1
C0369,36,41667.843212596184,348,9507.245795968025,Employed,Married,South,0,1
C0370,21,40439.19309040223,601,15491.550961190513,Employed,Single,West,0,0
C0371,52,67835.24796661327,489,14735.859977126154,Employed,Married,West,1,1
C0372,66,71307.56371984782,435,7889.9673754623345,Employed,Married,North,1,1
C0373,34,,703,20525.303649014546,Employed,Single,North,0,1
C0374,61,37514.66640343657,640,10912.995515463252,Employed,Single,North,0,0
C0375,45,,617,11952.160855820086,Employed,Single,East,1,0
C0376,47,41716.65433578543,662,9933.42082201137,Self-Employed,Married,West,0,1
C0377,46,59493.97726633266,681,18505.931630351864,Employed,Married,South,0,0
C0378,63,53043.845312769496,532,7370.3514061370215,Employed,Married,East,0,1
C0379,23,,643,18089.374002322842,Employed,Single,North,1,1
C0380,52,73212.57801995092,848,20222.569931217302,Employed,Married,West,0,0
C0381,58,76938.16509643283,828,17685.892138128802,Employed,Married,West,0,0
C0382,54,40808.16964273421,482,18563.142419232143,Employed,Married,North,1,0
C0383,41,,340,18797.732347890214,Employed,Married,South,1,1
C0384,46,54287.98086087358,696,10252.87836637118,Unemployed,Single,North,1,1
C0385,66,55016.851849805375,793,22173.67489832172,Employed,Single,South,0,0
C0386,150,59878.164090092454,632,12699.618729332507,Self-Employed,Single,South,1,0
C0387,48,80153.06808149524,426,14668.06191205014,Self-Employed,Single,North,0,0
C0388,52,,300,13336.813408245205,Self-Employed,Single,South,1,1
C0389,50,38025.541331923196,467,17457.710604386546,Retired,Single,South,0,1
C0390,69,29310.21157978209,318,12309.813784312888,Employed,Single,South,1,1
C0391,38,39036.04940087121,631,15334.578621186844,Employed,Divorced,South,0,0
C0392,49,,755,8823.280914269975,Unemployed,Married,North,0,0
C0393,40,76918.36795276681,408,20823.32604250786,Employed,Married,East,1,1
C0394,50,,567,18353.704729751018,Employed,Married,East,1,0
C0395,20,53356.819274583475,744,13538.701190491152,Self-Employed,Single,South,0,0
C0396,35,49753.65655890872,539,12654.254849870948,Self-Employed,Married,North,1,0
C0397,42,67825.89910172127,600,18223.141231588485,Retired,Single,East,0,0
C0398,59,87903.98638810433,402,11463.53309682019,Retired,Married,West,1,1
C0399,48,42036.96840619519,549,15626.826578825845,Self-Employed,Single,North,1,0
C0400,20,42658.40836222667,752,20806.99393715703,Employed,Divorced,South,0,1
C0401,57,65662.41315603608,819,10943.714404314038,Unemployed,Single,North,1,1
C0402,63,60228.37234439467,452,16843.004145601015,Employed,Single,South,1,0
C0403,41,77700.6098860405,473,16578.62633467746,Employed,Divorced,North,0,1
C0404,67,,642,14513.315906686586,Unemployed,Single,South,0,0
C0405,49,44610.61863819411,730,12481.052079480316,Employed,Married,East,1,0
C0406,64,58859.82246038464,623,21073.985284471924,Employed,Married,South,0,1
C0407,39,66630.55370874362,719,12012.156821165168,Employed,Married,South,1,1
C0408,40,62307.23271796046,784,5939.8054943519,Unemployed,Divorced,South,1,1
C0409,19,57609.11046660947,711,18202.66795815517,Employed,Divorced,South,0,0
C0410,44,66000.1203438373,383,8993.48325116083,Self-Employed,Single,North,0,1
C0411,59,67539.4338566851,412,18459.405724275435,Employed,Married,North,0,1
C0412,19,70732.38486556291,631,21674.51623921722,Self-Employed,Married,West,0,1
C0413,43,,677,18148.74939199337,Self-Employed,Married,North,0,1
C0414,34,47493.22879524718,340,20357.056509437458,Employed,Single,East,0,0
C0415,57,52200.705296499844,404,25100.245534648235,Employed,Married,West,1,0
C0416,150,68097.63449762535,501,19833.802313044733,Employed,Divorced,North,1,0
C0417,26,37745.964935191456,749,16652.86696312718,Retired,Divorced,South,0,1
C0418,60,55530.099633093516,565,23169.74091761824,Self-Employed,Married,South,1,1
C0419,65,44099.91781508959,509,23773.877724232923,Retired,Single,West,1,1
C0420,56,50431.17234402226,417,23843.858916297104,Employed,Single,West,1,0
C0421,46,,676,12539.282424019988,Self-Employed,Married,East,1,0
C0422,59,52866.48602029855,839,8229.908207507979,Self-Employed,Married,North,0,0
C0423,43,50696.54822234223,383,12234.039082825566,Self-Employed,Married,East,1,1
C0424,52,29602.15788530121,753,18518.208078965876,Retired,Single,South,1,0
C0425,-5,,813,15795.794726660528,Employed,Married,South,0,0
C0426,42,59682.26271711613,invalid,13967.595074115765,Employed,Married,North,0,1
C0427,41,82448.8208495819,649,17802.406994024677,Self-Employed,Divorced,North,0,0
C0428,30,,595,7645.974591633664,Self-Employed,Married,East,0,1
C0429,24,,557,15705.846493457706,Employed,Single,South,1,0
C0430,53,53740.75525566133,380,20592.288224239383,Employed,Married,South,0,1
C0431,62,73661.79919645212,567,17746.578222791144,Employed,Single,South,1,0
C0432,37,48570.567014195716,718,18459.04910916864,Employed,Divorced,West,1,1
C0433,18,,534,22986.863949762574,Employed,Single,East,0,1
C0434,25,59118.44764574809,610,14669.283575631665,Self-Employed,Married,North,0,1
C0435,150,52799.13684734537,656,11734.541693248319,Self-Employed,Single,North,0,0
C0436,33,43303.49578174208,512,20947.57521332521,Employed,Married,North,0,1
C0437,31,52911.34989347462,348,20855.603155169636,Employed,Married,West,0,1
C0438,29,,426,17791.458373778984,Employed,Married,South,0,1
C0439,68,34602.270508834095,522,14198.144997087758,Employed,Single,South,1,1
C0440,40,,578,15006.898255039925,Self-Employed,Single,South,1,0
C0441,32,,707,8616.135239344567,Retired,Single,South,1,1
C0442,45,67925.69943387264,804,20564.732651036014,Employed,Married,West,1,0
C0443,51,27152.19642824338,593,20388.256547645717,Self-Employed,Single,South,0,1
C0444,19,,576,8441.58624766608,Unemployed,Married,North,0,1
C0445,49,55658.17812596781,737,19338.16041953068,Unemployed,Married,North,1,0
C0446,150,73482.86043851511,406,17020.508275045042,Employed,Married,South,1,0
C0447,39,49013.746083905186,719,9890.12944804602,Retired,Married,West,1,0
C0448,68,41672.00709960202,invalid,8969.998994637652,Employed,Married,South,0,1
C0449,42,78217.35604160884,674,16867.466347008613,Employed,Single,West,0,0
C0450,-5,,372,13011.47943046541,Employed,Married,East,0,1
C0451,39,,329,24099.74425274835,Employed,Married,North,1,0
C0452,-5,,487,19762.99197324453,Employed,Single,North,1,0
C0453,69,42469.18663471083,663,17368.46568366114,Employed,Married,North,0,1
C0454,59,34681.5077430393,750,17615.395020011973,Employed,Married,East,0,0
C0455,23,60625.3467094903,494,21654.33590183584,Unemployed,Married,North,1,0
C0456,-5,53657.010706567984,455,19232.59045863669,Unemployed,Single,South,1,1
C0457,60,41538.820538949076,471,17498.832192480113,Employed,Married,South,0,1
C0458,54,30795.434019936583,340,10098.69411851245,Unemployed,Single,East,1,1
C0459,50,63086.859924202174,362,30309.734827031094,Unemployed,Single,North,0,0
C0460,25,59753.017669379915,322,9484.086213458835,Self-Employed,Divorced,South,0,0
C0461,61,48512.36204330926,659,13437.286314499177,Employed,Married,South,1,0
C0462,61,,374,6726.358617950013,Self-Employed,Married,South,1,0
C0463,22,33948.72850510771,417,17693.99079384631,Retired,Single,West,1,0
C0464,56,27117.122436128917,679,15755.552186424036,Self-Employed,Married,North,0,1
C0465,21,39621.378951781335,589,18826.3821918238,Employed,Married,West,1,0
C0466,23,,739,6304.671844477831,Employed,Single,East,1,1
C0467,62,53650.091739840376,306,20564.52833690466,Self-Employed,Married,South,0,0
C0468,49,46381.459132155054,495,10962.822992651927,Employed,Single,East,0,1
C0469,69,55280.83094771445,720,14254.974003180672,Employed,Married,South,1,0
C0470,47,31226.90863714334,492,19657.85634340532,Employed,Married,North,0,0
C0471,64,71656.46906109889,447,16306.333420659497,Unemployed,Single,East,0,1
C0472,52,48767.732324111465,501,16659.71278333432,Unemployed,Single,South,0,0
C0473,57,66759.43747382192,743,18995.894099526995,Employed,Single,East,1,1
C0474,69,55140.88019566556,718,17143.95319969362,Retired,Single,South,1,0
C0475,-5,,726,13294.460487256414,Employed,Married,West,0,0
C0476,30,58546.50920348306,778,14167.654358823855,Self-Employed,Married,South,0,1
C0477,67,56715.628400259724,774,16059.393393259114,Self-Employed,Single,North,0,0
C0478,59,,425,10522.219532268326,Unemployed,Single,South,1,1
C0479,47,69937.28795198648,694,19980.04329694335,Retired,Married,East,0,0
C0480,36,,624,16443.26965403742,Employed,Married,East,0,0
C0481,34,60635.05636382769,691,15373.881339609843,Unemployed,Single,South,1,0
C0482,36,,739,20962.482795157353,Employed,Single,West,0,0
C0483,45,71601.75823174209,503,14399.431783943151,Self-Employed,Married,North,1,0
C0484,43,39854.115469110955,785,14087.895014237914,Self-Employed,Single,South,1,0
C0485,54,,330,12576.85617998018,Self-Employed,Single,West,1,0
C0486,150,49397.63074033485,687,16715.335044629675,Employed,Married,West,0,1
C0487,40,28538.373468229278,733,16542.250541657573,Unemployed,Married,East,0,0
C0488,26,51921.56622366184,675,11668.578997450466,Employed,Married,West,1,0
C0489,29,39784.22513787678,643,14111.530114432999,Employed,Married,North,0,0
C0490,18,62609.65323483086,invalid,11701.988657403836,Self-Employed,Married,West,1,1
C0491,18,40210.640310464136,374,11475.657730922547,Employed,Single,South,0,1
C0492,64,,454,6350.510841365765,Unemployed,Single,North,1,0
C0493,51,21656.889035817036,729,13845.448731592223,Employed,Single,North,1,0
C0494,49,43215.405211263846,662,6488.933669599943,Employed,Single,South,0,0
C0495,65,,747,12685.921568302445,Unemployed,Married,North,0,1
C0496,42,26241.45764771415,533,11936.526770611958,Employed,Married,South,0,0
C0497,57,,561,20259.475286328023,Employed,Divorced,North,0,1
C0498,62,61787.00237976248,424,9925.32596845179,Self-Employed,Married,North,1,0
C0499,18,56381.86342677447,544,11194.068075927622,Employed,Single,South,1,1
C0500,33,,841,13092.379304042137,Self-Employed,Single,South,0,1
C0501,56,49284.3296578703,784,12099.28174248612,Employed,Married,South,0,0
C0502,22,49945.96191364148,421,21846.27398710938,Unemployed,Married,East,1,0
C0503,39,,424,9307.163134751903,Unemployed,Married,West,0,0
C0504,46,,848,13102.97750507079,Self-Employed,Married,East,0,0
C0505,20,63160.43435863507,469,16660.326245822034,Employed,Married,South,0,0
C0506,29,,423,19405.916715210034,Unemployed,Married,East,0,0
C0507,43,50403.28758491796,334,13098.792220348983,Self-Employed,Single,North,1,0
C0508,33,53125.74211921329,386,5409.501997481038,Self-Employed,Married,North,1,1
C0509,68,,500,14249.478892072477,Employed,Married,South,0,0
C0510,54,46292.339262191046,668,21760.142380903573,Unemployed,Single,West,1,0
C0511,39,39770.23628003302,376,16410.937037152136,Self-Employed,Married,North,0,1
C0512,46,34975.69985157627,invalid,16182.089311799664,Employed,Single,North,0,0
C0513,150,,730,9684.910042115018,Employed,Divorced,North,0,0
C0514,45,76965.29790274284,799,9171.642048556676,Unemployed,Single,West,1,0
C0515,22,59612.64291900515,408,15090.208243170497,Employed,Married,East,1,0
C0516,64,,577,7868.1053885929605,Retired,Single,North,1,1
C0517,66,,367,18906.811111812553,Self-Employed,Married,South,1,1
C0518,47,,368,10766.768755668189,Self-Employed,Single,South,1,0
C0519,63,63869.50524369153,464,14876.713596342532,Employed,Single,East,0,0
C0520,69,50894.45554880261,788,5571.165406228789,Employed,Married,North,0,1
C0521,22,40295.94833441639,604,13030.990657782466,Retired,Divorced,West,1,0
C0522,29,60473.34970420385,664,9070.697264348984,Employed,Single,South,1,1
C0523,33,55902.28078132625,678,3390.2179132909478,Self-Employed,Single,East,1,1
C0524,43,63427.89830041598,642,17709.210446681587,Employed,Married,North,0,1
C0525,43,,653,23205.797695457866,Employed,Married,South,1,0
C0526,65,65743.29072979002,715,20647.367946719733,Employed,Divorced,South,0,0
C0527,150,41971.47182659148,408,18408.453449519024,Employed,Single,South,0,0
C0528,56,69760.91098451489,796,12929.394160272272,Retired,Married,North,1,1
C0529,53,52963.994070386,640,19029.45114273913,Employed,Single,East,0,0
C0530,50,,682,21119.26599286864,Employed,Single,North,0,0
C0531,47,39662.18272865648,832,15684.109148356467,Employed,Married,East,1,1
C0532,54,76039.45704747873,599,9078.199138439886,Employed,Married,West,0,0
C0533,40,52968.66175193972,438,12503.078507043145,Employed,Married,South,1,0
C0534,-5,40228.72994578327,658,23513.48244173968,Unemployed,Single,East,0,0
C0535,22,42741.71248918518,798,14626.279159249169,Employed,Married,East,1,1
C0536,53,45194.7903770852,684,-1623.7785995554805,Employed,Married,South,1,0
C0537,51,,579,7655.382681649032,Employed,Divorced,West,0,1
C0538,69,,782,12877.756484287593,Retired,Single,North,1,1
C0539,48,41394.49994092131,410,20179.126192087842,Employed,Single,South,0,0
C0540,27,49634.68111608526,438,13634.38823796544,Employed,Single,East,0,0
C0541,36,,734,20272.158274866302,Self-Employed,Married,South,1,0
C0542,49,,808,12369.188232262553,Employed,Single,South,0,0
C0543,18,56544.85504511048,572,5178.537388821935,Employed,Divorced,South,1,1
C0544,22,50570.05217252301,398,12542.194207009577,Employed,Single,West,0,1
C0545,62,51800.46990077392,403,16724.725007731424,Self-Employed,Married,West,0,0
C0546,21,59202.769590956246,513,16309.751746706566,Employed,Single,South,1,1
C0547,33,34658.111522023915,464,8724.461253716821,Unemployed,Married,East,0,0
C0548,41,46139.35193864982,819,13244.018990981174,Self-Employed,Divorced,West,0,0
C0549,33,24971.238891836158,583,28423.371190320366,Employed,Single,North,0,0
C0550,19,55988.34683907919,816,8833.655868515616,Employed,Divorced,North,0,0
C0551,66,59707.939095541115,463,18303.616972318745,Employed,Married,East,0,0
C0552,45,42752.20306550939,363,4516.621507151021,Self-Employed,Divorced,West,0,0
C0553,49,73609.80144935049,390,19318.95912284831,Employed,Married,West,0,0
C0554,44,31613.515054964882,416,10538.373049057765,Employed,Single,South,0,0
C0555,37,28034.376796852695,566,17010.4412910147,Employed,Single,North,1,0
C0556,41,53366.77727839958,439,8542.371991158994,Retired,Single,South,0,0
C0557,29,65706.47453918232,invalid,16454.264000883537,Employed,Single,North,0,1
C0558,67,75258.91537186803,694,10456.74852129281,Retired,Single,North,1,0
C0559,52,,786,11424.759085166874,Employed,Single,East,1,1
C0560,50,66180.21250146943,775,17209.930031975153,Employed,Married,North,1,1
C0561,50,49422.372957489395,816,12848.07261801492,Employed,Married,West,0,1
C0562,68,47410.59050088771,483,16901.907241081557,Employed,Single,South,1,0
C0563,-5,63254.89906230009,319,14045.793406783247,Employed,Single,South,1,0
C0564,54,59784.84317620129,823,15337.468406236376,Employed,Married,North,0,0
C0565,29,26354.11764523626,828,17225.432356767007,Retired,Single,South,0,0
C0566,20,72148.10524588844,446,13249.907727044296,Unemployed,Single,North,1,0
C0567,18,70701.37031221177,603,10019.751069991129,Self-Employed,Single,West,1,1
C0568,50,40616.55947735706,527,12338.43867035105,Employed,Divorced,West,0,1
C0569,57,55937.05300156114,401,20975.695899167178,Employed,Married,South,0,0
C0570,27,57410.45279424108,716,15580.865420382748,Employed,Single,North,0,1
C0571,60,53910.10648735861,515,10775.507732947632,Self-Employed,Married,West,0,1
C0572,61,41745.422692318694,706,17007.803041938594,Retired,Married,South,0,1
C0573,46,39925.64948092923,698,17341.57792469569,Employed,Married,North,1,1
C0574,30,49616.688935128324,798,17599.995378989053,Employed,Married,South,0,0
C0575,29,,764,10110.81399814357,Employed,Married,West,0,0
C0576,48,58154.002318916486,381,11588.045028570525,Employed,Single,North,0,0
C0577,63,,664,11615.853918064942,Employed,Single,North,0,1
C0578,19,,462,13196.76043966904,Self-Employed,Married,West,0,1
C0579,68,7271.8606905488705,347,17694.595925718673,Self-Employed,Married,North,1,0
C0580,67,67231.48550558156,810,16480.92402365507,Employed,Married,North,0,0
C0581,52,,628,16876.084785785813,Employed,Married,South,1,1
C0582,40,44563.38587895302,415,21770.095711857615,Retired,Divorced,West,0,0
C0583,34,33204.95158060784,636,18444.45466245815,Employed,Single,South,1,0
C0584,43,,446,14290.991875019563,Employed,Married,West,1,1
C0585,25,67412.4018106778,622,9080.574119737503,Employed,Married,East,0,1
C0586,46,42984.48198032163,742,11427.26495764565,Employed,Divorced,North,0,0
C0587,43,,312,13691.474661608865,Employed,Divorced,West,0,1
C0588,27,49296.19131681224,793,19145.649136680568,Unemployed,Married,South,0,0
C0589,43,,586,14863.340329469533,Employed,Single,North,0,1
C0590,51,,413,11719.020225557784,Employed,Married,South,1,1
C0591,68,30755.116637171457,779,11335.535571363871,Self-Employed,Single,South,0,0
C0592,58,64944.002291707104,321,14652.10895539387,Employed,Married,North,0,1
C0593,24,42593.65125258031,648,19449.9378110855,Unemployed,Divorced,North,1,0
C0594,21,26651.271520103735,619,22955.096528875587,Unemployed,Single,South,0,0
C0595,67,43578.27258551131,425,13971.157009851662,Employed,Married,West,1,0
C0596,62,72511.39685951466,576,14776.28409618701,Self-Employed,Married,South,0,1
C0597,28,62753.32613170239,503,8930.291469213085,Employed,Married,West,1,1
C0598,46,44770.21798388211,493,24695.96284549733,Retired,Single,North,0,0
C0599,53,44761.13443522357,846,7994.98580921958,Employed,Married,North,1,1
C0600,42,45175.47423173926,585,20858.31155890275,Retired,Divorced,North,1,0
C0601,38,81151.21975341262,356,13173.320234937646,Self-Employed,Divorced,North,0,1
C0602,53,55729.0317834733,602,12003.167530798404,Employed,Single,North,0,1
C0603,27,56450.624707866045,462,9449.982140570366,Employed,Married,East,0,0
C0604,54,65454.25181047763,318,27050.243247035665,Retired,Married,West,1,1
C0605,26,53581.8373853977,669,16107.458116391972,Unemployed,Single,West,1,1
C0606,41,46114.36781268945,563,15106.402185520317,Employed,Single,North,1,0
C0607,52,,412,19433.66179777271,Self-Employed,Single,West,0,1
C0608,66,48925.98110878904,787,11745.836371850184,Employed,Divorced,South,0,0
C0609,52,49441.66645235238,626,15009.229776155029,Employed,Married,North,1,0
C0610,65,60914.4431545547,841,15281.681434060605,Employed,Married,West,0,0
C0611,53,50779.18828710949,364,12439.271338259334,Employed,Single,East,1,1
C0612,35,60989.60115823369,591,20998.19039592957,Unemployed,Married,North,0,1
C0613,66,48789.251298371266,324,13906.72794252048,Employed,Single,South,0,0
C0614,56,51179.52785474136,848,7234.339733155853,Unemployed,Single,North,1,1
C0615,49,20026.989732018385,300,13492.51318239563,Employed,Married,East,0,0
C0616,41,63744.91512053722,848,16245.893358569487,Employed,Single,South,0,1
C0617,40,55197.32713846989,440,10532.533830561959,Employed,Married,West,0,0
C0618,49,64970.15164789478,487,10927.026034147806,Employed,Single,North,0,0
C0619,54,6556.1693270946635,427,12268.704809369798,Employed,Married,South,0,1
C0620,29,,500,21106.178300334803,Employed,Married,South,1,0
C0621,66,47906.15557767239,426,12564.20988677147,Employed,Married,South,0,0
C0622,30,,556,22145.585092755155,Employed,Single,South,1,0
C0623,40,,846,11925.247809258322,Employed,Single,East,0,0
C0624,42,59191.608575938546,493,16625.07068128271,Employed,Divorced,West,0,0
C0625,52,34198.76655239516,invalid,12768.786628901244,Unemployed,Single,West,1,1
C0626,58,40643.465589562926,834,18770.41585145236,Retired,Married,West,1,0
C0627,47,78710.4703080018,564,9408.629227173604,Employed,Divorced,West,0,0
C0628,34,,683,18714.29739788616,Employed,Single,South,0,0
C0629,66,53261.49309769584,559,15569.347001548418,Employed,Single,West,1,0
C0630,37,63051.015960331315,713,11800.040916112754,Retired,Married,South,1,0
C0631,65,57435.22831958907,657,14168.892576449247,Employed,Divorced,South,1,0
C0632,42,52256.28357715365,374,22669.274705160875,Employed,Divorced,South,1,0
C0633,39,55474.41503699338,654,15689.222524403918,Employed,Married,South,0,0
C0634,30,86051.23377857413,487,11486.359920436806,Employed,Married,North,0,1
C0635,36,49135.71804449622,589,8976.533585859437,Employed,Single,West,0,0
C0636,66,53016.485700724515,344,17527.021367154986,Self-Employed,Divorced,South,0,0
C0637,53,65759.81594011417,382,15979.226235053427,Employed,Divorced,North,0,1
C0638,29,66582.88899436976,422,18475.103475441116,Self-Employed,Single,South,1,0
C0639,58,67805.4545834057,657,7688.876301550788,Employed,Single,North,1,0
C0640,36,59580.95333043777,827,9138.6977355425,Employed,Single,North,1,0
C0641,29,32854.92630904275,365,20734.395996259496,Retired,Single,North,0,0
C0642,26,74501.47298451644,674,16656.7082338967,Employed,Married,South,1,0
C0643,24,32804.81910471968,461,17667.00425618781,Unemployed,Single,South,0,0
C0644,45,54539.531978585495,679,10186.564839460234,Employed,Single,East,0,1
C0645,31,38685.86224970963,657,10095.064008355406,Employed,Single,East,0,1
C0646,48,49037.92480110511,487,19956.293290960442,Retired,Divorced,South,1,1
C0647,69,,621,20191.888273825745,Employed,Married,South,0,1
C0648,36,54820.35823175409,749,9558.402564854732,Unemployed,Married,South,0,1
C0649,64,,773,8603.147520735774,Employed,Single,East,1,0
C0650,33,74205.6690358797,312,14457.035146437778,Unemployed,Divorced,North,0,0
C0651,-5,56803.014522709695,483,11003.257733119968,Employed,Married,North,1,0
C0652,52,46337.65047064027,410,10899.115604769871,Employed,Single,East,0,0
C0653,29,64461.307524325355,807,8743.108767863037,Self-Employed,Single,South,1,0
C0654,42,67842.05733386961,589,12657.830758598166,Retired,Single,North,0,1
C0655,69,31585.88277294511,594,9226.52628683567,Retired,Single,North,0,1
C0656,38,,750,9522.995484953817,Unemployed,Married,West,1,0
C0657,53,60517.591134663475,514,16491.959232831523,Unemployed,Divorced,West,0,0
C0658,40,45536.54744960012,326,14724.008828563117,Employed,Married,East,1,0
C0659,33,70635.6021996743,530,17424.39340766066,Employed,Married,South,0,1
C0660,56,47749.1661945121,620,6754.832823253468,Employed,Married,South,1,1
C0661,62,51883.64680207313,532,15049.403049148816,Employed,Married,West,0,0
C0662,59,,736,25378.18771082919,Employed,Married,West,0,1
C0663,56,50233.685713722014,832,13138.637578572005,Employed,Single,North,0,0
C0664,31,33555.87369657197,702,19123.74503286149,Employed,Single,West,1,1
C0665,48,28399.236761085584,352,19080.034243872116,Self-Employed,Married,North,1,1
C0666,22,73917.57594837458,612,19325.99304000638,Employed,Single,North,1,0
C0667,52,37295.57977522508,580,15833.308435286614,Employed,Single,East,1,1
C0668,40,,330,17830.42991372107,Employed,Married,South,1,1
C0669,46,17699.148295944276,636,18495.06810006503,Self-Employed,Divorced,West,0,0
C0670,60,,482,18177.23014157179,Self-Employed,Married,North,0,1
C0671,28,30153.653098887524,322,9412.909132433018,Self-Employed,Married,South,0,0
C0672,35,,843,6463.077587280066,Employed,Married,West,0,1
C0673,64,65147.25634013952,745,7232.082282925964,Employed,Married,West,0,0
C0674,29,39677.74482233414,373,13649.200038086681,Employed,Married,North,1,0
C0675,26,83786.53708016463,309,17969.63367211322,Employed,Married,South,0,1
C0676,27,64726.48230487391,783,9477.943612442077,Employed,Married,East,1,1
C0677,61,,755,19619.85229292202,Employed,Married,North,0,0
C0678,150,12508.914276896401,459,12488.624127460569,Employed,Married,West,1,1
C0679,55,84364.13858886113,313,12536.223944029605,Retired,Married,West,1,1
C0680,24,,477,10819.465020601998,Retired,Single,North,1,1
C0681,63,25319.01879564662,711,5576.068204918633,Employed,Single,North,0,0
C0682,30,65338.5564801446,352,16146.570642173236,Employed,Single,North,0,0
C0683,57,86596.28609508909,707,23563.338564192847,Employed,Married,West,0,0
C0684,59,70764.09227765776,321,14686.677382337182,Employed,Single,North,0,1
C0685,26,58458.636800785396,329,5746.841791525738,Retired,Single,South,1,1
C0686,67,58921.315124979286,559,18901.71405808223,Employed,Married,South,1,0
C0687,44,62801.23338170462,504,6876.010049485054,Self-Employed,Single,South,1,0
C0688,19,,358,8954.828015054072,Employed,Married,North,1,1
C0689,22,54217.87135954064,770,13808.309138432145,Retired,Single,North,0,1
C0690,46,,765,15614.21719270099,Employed,Divorced,West,1,1
C0691,54,49061.103081507164,311,9956.679994165857,Self-Employed,Married,West,0,1
C0692,55,38690.531166999855,589,13613.419717170098,Employed,Married,East,1,0
C0693,36,,653,18575.812003803425,Self-Employed,Married,North,1,1
C0694,25,24605.647787069218,374,19260.894424040092,Employed,Married,South,1,1
C0695,65,48524.90559807875,740,21257.282109071322,Employed,Single,East,0,0
C0696,62,,540,24547.093261467468,Retired,Single,North,0,0
C0697,18,,453,19049.446608305585,Retired,Single,West,1,1
C0698,39,52698.41226730218,395,13916.317427978798,Unemployed,Married,East,1,0
C0699,69,70880.034295169,593,19296.568955614865,Self-Employed,Married,North,1,1
C0700,150,63774.7490900347,508,17333.58117002591,Unemployed,Married,West,0,1
C0701,24,,642,17531.834887631274,Employed,Single,West,0,0
C0702,42,35155.57795144494,387,15886.093925358427,Employed,Married,North,0,0
C0703,62,64111.567819823234,689,10439.729489230467,Employed,Married,South,1,1
C0704,21,35262.68909692536,624,9859.517960890349,Self-Employed,Married,South,0,0
C0705,53,,456,14514.408994624288,Employed,Married,South,1,0
C0706,150,58250.78148536828,436,15744.55037923186,Employed,Single,North,0,1
C0707,48,35474.83317704547,727,11602.795385341435,Employed,Married,South,1,1
C0708,36,51580.6325921894,751,17116.709743042877,Unemployed,Married,West,1,0
C0709,61,,invalid,25403.829520195948,Employed,Single,South,0,0
C0710,56,,382,6278.346403608712,Employed,Single,North,1,1
C0711,44,54796.72901213806,476,17911.222387818805,Employed,Married,East,1,1
C0712,27,,497,14670.126895545949,Employed,Married,South,1,0
C0713,43,56607.121069405985,720,17253.277776673272,Employed,Married,West,0,1
C0714,36,49705.433016099785,700,12846.426497698543,Self-Employed,Single,South,1,1
C0715,56,58287.34931625721,770,14269.700574764165,Self-Employed,Married,North,0,1
C0716,150,53358.712010969924,517,15647.502255040496,Self-Employed,Married,North,0,0
C0717,62,70462.10644960766,474,13491.830582323697,Employed,Married,East,1,1
C0718,30,51878.36753971861,322,7397.293413150506,Unemployed,Married,North,0,1
C0719,67,43558.91688312121,534,13830.424846777734,Employed,Single,East,1,0
C0720,45,,312,7917.83185901903,Employed,Married,North,0,0
C0721,37,,400,18265.965552901547,Unemployed,Single,South,1,1
C0722,45,50732.901054885566,835,5672.274494609388,Employed,Divorced,South,0,1
C0723,25,50608.87536805824,822,20143.27189727945,Employed,Married,West,1,1
C0724,58,39470.12468289867,751,17147.815001017396,Unemployed,Married,West,1,0
C0725,56,40056.48623673578,invalid,17166.943078669472,Employed,Married,North,1,0
C0726,18,28960.920923004596,832,4178.450660760802,Self-Employed,Divorced,South,1,1
C0727,20,76243.65114780409,592,13357.002809542219,Employed,Married,North,0,0
C0728,30,31342.051469130725,400,20767.8171432993,Self-Employed,Married,South,0,1
C0729,45,39606.42203306139,801,12406.960104848527,Employed,Married,South,1,0
C0730,66,39223.89101646204,603,9609.689250181429,Employed,Married,West,0,0
C0731,42,,invalid,11816.649524971439,Self-Employed,Married,West,1,1
C0732,50,45575.75482561958,654,14658.61188680331,Employed,Single,South,1,0
C0733,-5,68716.131090106,602,10743.147748435946,Employed,Married,South,0,0
C0734,23,39897.640636341974,795,21169.08616044647,Employed,Single,West,0,1
C0735,61,54184.91243335703,526,14676.662350048038,Employed,Divorced,West,1,0
C0736,62,,535,12222.153260260358,Employed,Single,North,0,1
C0737,49,,754,8493.282365822102,Employed,Divorced,South,1,0
C0738,62,32186.02371455731,312,17422.23302639469,Retired,Married,South,0,1
C0739,64,54647.31065340541,509,17308.331473556816,Employed,Married,North,0,1
C0740,38,59506.65321398148,696,11038.95546907654,Employed,Married,North,0,1
C0741,33,56206.986461772474,399,3818.354858429273,Employed,Single,North,0,0
C0742,38,47220.68511683438,330,17053.81094787942,Employed,Single,East,0,1
C0743,28,,827,14065.983043694989,Retired,Single,North,1,0
C0744,54,,628,16680.355839628344,Employed,Married,North,0,0
C0745,53,,465,24785.872668198193,Retired,Married,North,0,0
C0746,52,64458.18675192365,758,14865.8407814547,Employed,Married,West,1,0
C0747,36,83157.84502387026,399,12430.806915786141,Self-Employed,Single,West,1,0
C0748,37,41637.623224882496,472,9263.3901617583,Employed,Single,South,1,1
C0749,35,29452.955306313834,461,13437.891042524754,Unemployed,Married,South,0,0
C0750,64,48675.76927473118,562,15802.886748078206,Employed,Divorced,West,0,1
C0751,58,88695.64006481477,573,15266.537102993801,Employed,Married,North,1,1
C0752,66,37944.88148045404,302,23617.326700335514,Employed,Married,North,1,0
C0753,31,74586.75208166102,327,17495.427827329713,Employed,Married,North,1,1
C0754,32,75165.51221114662,625,14325.995642463951,Retired,Single,North,1,1
C0755,48,,448,11467.197105832636,Employed,Divorced,South,0,0
C0756,18,,839,16333.363818916601,Employed,Married,West,0,1
C0757,20,,787,10464.959208086704,Self-Employed,Single,East,0,0
C0758,33,44313.08388518769,737,15899.155397689532,Employed,Married,South,0,0
C0759,40,46946.29459846457,364,17437.069634524218,Retired,Single,West,0,0
C0760,28,,655,13917.738886142763,Self-Employed,Divorced,North,1,1
C0761,29,34778.649039607,832,11848.567779674291,Employed,Single,North,0,1
C0762,27,40260.83682400989,551,4073.515763325471,Unemployed,Married,South,1,1
C0763,49,31640.895998566153,534,20719.183632101955,Employed,Single,East,1,1
C0764,33,50511.25202388839,526,17016.501951226408,Employed,Married,North,1,0
C0765,25,38450.40153412038,824,17138.08640792391,Employed,Married,South,0,0
C0766,55,,612,7193.238321113501,Employed,Married,East,1,1
C0767,29,26661.56530694559,348,21899.193498700286,Self-Employed,Married,East,0,0
C0768,41,54963.20348321686,417,12673.9156669096,Retired,Married,East,1,1
C0769,45,,353,13556.023486502569,Employed,Single,South,0,0
C0770,25,20093.96536142817,343,9653.565722905874,Employed,Single,North,1,0
C0771,45,55610.848547713584,352,6065.271343300759,Retired,Single,South,0,0
C0772,53,,824,20786.731558617834,Employed,Divorced,North,1,0
C0773,43,31855.38471963192,401,21432.986846988122,Employed,Single,West,1,0
C0774,25,75088.58580256555,697,14172.359243233363,Employed,Married,South,1,1
C0775,67,,437,11603.077150968249,Retired,Married,South,1,0
C0776,45,39424.82216362387,686,13114.77915432871,Employed,Single,East,0,0
C0777,45,,410,13251.925049822252,Self-Employed,Single,South,0,1
C0778,54,58374.903687825834,316,9000.701389102007,Unemployed,Single,South,0,0
C0779,58,51140.080871186176,481,13538.723922780799,Employed,Married,West,1,0
C0780,53,,835,15765.509964671626,Employed,Single,West,1,0
C0781,44,,840,20090.78623824376,Unemployed,Single,East,1,0
C0782,34,52540.41236054117,470,15071.22082006856,Employed,Married,North,1,1
C0783,26,,708,7118.241455502821,Self-Employed,Divorced,South,1,0
C0784,50,48331.60907976949,677,16767.73931599338,Retired,Single,East,1,1
C0785,37,36441.38537802815,487,13720.347191651234,Self-Employed,Single,North,0,0
C0786,30,,529,21852.048469919333,Self-Employed,Single,North,0,0
C0787,45,,418,22147.28901022004,Unemployed,Married,West,0,1
C0788,65,66369.65180891403,455,22322.2715613365,Unemployed,Married,North,0,0
C0789,-5,59137.071813607654,764,12192.060323133603,Employed,Single,East,0,0
C0790,30,,403,24949.275366687787,Employed,Single,South,0,1
C0791,63,45253.87325457797,801,16754.712524478535,Employed,Married,South,0,1
C0792,52,68196.46549968775,474,23131.902028343164,Self-Employed,Married,North,0,1
C0793,23,52125.753704598574,720,12486.901930841203,Employed,Single,West,1,0
C0794,150,84789.94309972541,433,13507.016311951867,Self-Employed,Married,South,1,0
C0795,68,,690,16370.136763360428,Employed,Single,South,1,1
C0796,22,,800,15759.388048069699,Self-Employed,Single,East,1,1
C0797,64,45363.25303696248,332,21274.05971734585,Employed,Married,East,1,0
C0798,-5,52003.11357173423,354,13839.353407257728,Self-Employed,Married,West,1,0
C0799,19,47712.952454291844,818,20823.074951551782,Employed,Married,South,1,1
C0800,27,60621.630150328856,311,18661.172535663267,Employed,Divorced,South,0,1
C0801,47,,827,13933.038906964257,Employed,Married,West,0,1
C0802,67,38210.158092380756,672,18273.383087411567,Self-Employed,Married,East,1,1
C0803,62,,783,12633.674765834756,Employed,Married,North,0,0
C0804,-5,22456.919403450553,527,26751.029000028608,Employed,Married,North,0,0
C0805,50,,606,1678.3383946277645,Retired,Divorced,West,0,0
C0806,18,33449.50090739189,756,18364.716022475197,Self-Employed,Single,South,0,0
C0807,35,,459,6177.020453614765,Retired,Divorced,East,0,1
C0808,49,,630,13871.716483909657,Employed,Married,South,1,0
C0809,64,,524,14571.95955264377,Employed,Married,North,0,1
C0810,66,49908.9363269016,803,22538.16779456842,Unemployed,Single,East,1,0
C0811,28,62577.36161677463,755,11539.238939615549,Employed,Married,North,1,0
C0812,38,51227.440378213476,344,21540.05957830889,Self-Employed,Married,South,1,0
C0813,43,48516.65520213286,513,9105.916798876016,Employed,Single,South,0,1
C0814,42,63786.14724481653,358,21733.34861877433,Employed,Divorced,South,1,0
C0815,39,45645.88183717023,494,12628.272790482635,Employed,Single,East,1,1
C0816,44,54010.88471107854,788,15367.172596205593,Employed,Single,West,1,1
C0817,66,54825.467092940205,456,13318.10668444798,Employed,Married,East,1,0
C0818,30,39978.64319535427,525,21411.81737057802,Employed,Married,North,0,1
C0819,50,64880.635243047844,711,20438.699216168738,Retired,Married,North,1,0
C0820,51,47375.60364956887,504,17217.508602922626,Employed,Single,South,1,1
C0821,58,38663.82260760733,378,9240.65807706613,Self-Employed,Divorced,West,1,0
C0822,52,58047.64765355605,423,11424.890659848787,Unemployed,Single,West,1,1
C0823,18,36522.98027313444,770,9857.117372469373,Employed,Single,West,0,1
C0824,38,50422.717360536924,517,3759.2855660391833,Employed,Single,South,1,0
C0825,65,49863.21505033695,815,21306.590509250233,Self-Employed,Married,South,1,0
C0826,23,66288.43348747367,403,13360.882368286515,Self-Employed,Divorced,South,1,0
C0827,45,57120.47349319929,692,13307.530178538513,Self-Employed,Married,North,1,0
C0828,34,49624.595618822845,733,22480.5111671278,Self-Employed,Married,North,1,1
C0829,22,,630,12620.056988068161,Retired,Single,West,1,1
C0830,48,,442,10797.645321570346,Employed,Married,North,0,1
C0831,22,58367.154595277934,839,13876.271897425077,Employed,Married,North,1,1
C0832,55,50155.28929765071,577,9336.654740615519,Self-Employed,Married,North,0,0
C0833,20,30322.456514747606,532,16721.77884643978,Employed,Single,West,0,1
C0834,40,34023.29505386941,828,13131.689608679148,Unemployed,Married,South,1,0
C0835,54,45421.629434679984,389,12463.642947030938,Employed,Married,East,0,1
C0836,54,40857.31696761075,791,12030.48413989849,Employed,Married,West,1,0
C0837,27,47195.43045521831,498,14468.892530789943,Unemployed,Married,South,0,0
C0838,27,50849.74887345661,661,15417.405627599255,Employed,Single,East,1,0
C0839,36,57945.391315350964,740,12400.12455796239,Employed,Married,North,0,0
C0840,34,48942.518329113635,325,13206.170319524266,Employed,Single,North,0,0
C0841,38,57297.52465739303,324,14592.385865903256,Unemployed,Married,West,1,1
C0842,31,50967.1162221518,693,14087.909322302306,Employed,Married,East,0,0
C0843,26,,806,15155.37983437507,Unemployed,Single,South,0,1
C0844,63,35909.96909271869,600,11616.645983759932,Employed,Divorced,South,0,0
C0845,18,47838.686664175766,638,20022.96454563245,Self-Employed,Married,South,0,0
C0846,68,31854.578857383385,566,15484.140887047586,Unemployed,Single,North,0,1
C0847,62,58998.93094994307,760,12480.766235875613,Employed,Married,North,1,1
C0848,30,72961.26248515546,755,16721.921086892675,Employed,Single,North,0,1
C0849,21,68281.42777545974,659,14628.157005906427,Employed,Married,North,0,0
C0850,18,,367,6330.868227581659,Self-Employed,Married,West,1,0
C0851,66,72360.89205274929,711,16704.76345110813,Employed,Divorced,North,1,0
C0852,57,52230.01185803167,790,9902.468988079065,Self-Employed,Married,North,1,0
C0853,49,,348,19672.13891615654,Employed,Married,South,0,1
C0854,51,,401,13791.251805532766,Employed,Married,West,0,1
C0855,45,45462.95470267808,515,18900.35148695532,Employed,Single,North,0,1
C0856,48,44177.34772188157,737,11848.907234011964,Employed,Married,North,0,1
C0857,25,,458,15349.646335703199,Employed,Married,South,1,1
C0858,56,52408.60971574797,788,21051.217502534382,Unemployed,Single,East,1,1
C0859,43,50045.69030230122,541,13654.917267925886,Self-Employed,Married,South,0,0
C0860,51,56554.072546195246,304,12045.914506320976,Employed,Married,West,0,1
C0861,-5,67859.69412179512,660,18275.203068908948,Retired,Married,West,0,1
C0862,67,64243.312031619855,758,18178.307983754803,Self-Employed,Single,East,0,1
C0863,29,27726.53047325145,547,12256.254332925906,Retired,Single,East,1,0
C0864,18,,721,5072.694897911189,Employed,Single,South,1,1
C0865,61,64014.79866858911,314,11949.88511250822,Employed,Married,North,0,1
C0866,22,29496.819523768685,421,18386.79760843211,Employed,Single,West,1,0
C0867,47,46628.518971609745,576,11124.82905288138,Self-Employed,Married,South,0,1
C0868,47,,752,14945.310814919023,Employed,Single,North,0,0
C0869,-5,,689,11712.57531016828,Employed,Married,East,1,0
C0870,65,58121.94092307182,593,5339.164187369752,Employed,Single,North,0,1
C0871,64,61387.327404539705,invalid,11622.59411480036,Employed,Married,South,1,1
C0872,40,41352.34398909921,509,18365.66010344856,Self-Employed,Single,South,0,0
C0873,32,,601,3148.737599670938,Employed,Married,South,1,1
C0874,54,41806.33327621276,522,16260.836752377878,Employed,Single,West,0,1
C0875,38,55877.060081038195,302,9069.653843002934,Self-Employed,Married,North,1,0
C0876,31,27816.32646838807,817,18042.21034737096,Retired,Married,South,0,0
C0877,19,52750.39879668733,invalid,18571.594679368267,Self-Employed,Single,South,0,1
C0878,28,49770.35226240507,819,14140.26032544362,Retired,Married,East,1,0
C0879,68,,727,14151.65920609389,Self-Employed,Married,East,0,1
C0880,56,51793.705526212296,792,10968.186514318493,Employed,Single,South,1,1
C0881,55,35403.96588677667,534,8272.08299947517,Employed,Married,East,1,1
C0882,51,,460,23490.464531668666,Self-Employed,Single,North,0,1
C0883,55,47622.05640459545,630,10674.64286414436,Self-Employed,Married,West,0,0
C0884,-5,49590.43190735102,632,22838.980655982363,Self-Employed,Married,South,0,1
C0885,150,36000.98061390206,349,10702.499800999116,Employed,Single,East,0,0
C0886,35,43350.766232127346,822,17625.951951688643,Employed,Married,North,1,1
C0887,47,36727.95928959649,791,9310.964201731826,Employed,Married,North,0,1
C0888,-5,47405.809101148654,571,17616.975084510075,Employed,Divorced,South,0,0
C0889,44,,551,13372.063214234391,Employed,Married,West,0,1
C0890,68,29421.482856029656,389,13437.419196621648,Unemployed,Divorced,South,1,0
C0891,51,25796.579031848883,745,18050.11584892225,Employed,Married,West,0,0
C0892,69,72067.55491240413,631,12654.29317460451,Employed,Single,South,1,1
C0893,55,46860.14484272201,438,7859.257522774512,Employed,Married,South,0,1
C0894,50,39963.908920101254,656,18806.527817047263,Self-Employed,Married,North,1,1
C0895,41,65598.57031094114,573,9270.49705008836,Employed,Married,West,0,1
C0896,32,40915.766903947035,318,17582.586421989552,Employed,Married,North,0,0
C0897,47,,610,19864.982726665003,Employed,Married,West,1,1
C0898,59,60168.88807008904,453,13122.530568238913,Employed,Married,West,0,1
C0899,68,42681.32887781446,689,20911.76422045892,Retired,Married,West,0,1
C0900,-5,82359.62319898256,559,17408.918539306418,Retired,Single,South,0,1
C0901,22,40914.27615494993,424,11520.692899276122,Employed,Married,East,1,1
C0902,46,,653,22007.145011330373,Employed,Married,East,0,0
C0903,21,,572,9291.640891303048,Self-Employed,Single,North,1,1
C0904,27,69526.11934098197,544,13116.497850482172,Employed,Married,East,1,0
C0905,34,73422.66795090279,749,13968.425981903356,Employed,Married,North,1,1
C0906,27,50480.0622359865,546,18026.11850509128,Employed,Single,South,0,1
C0907,34,38698.73194480725,819,20577.166486905673,Retired,Single,North,1,1
C0908,37,56899.582144086744,440,20263.95778451357,Employed,Single,North,1,0
C0909,41,39834.26945371841,661,16118.74159787153,Employed,Divorced,South,0,1
C0910,22,80200.80871289935,307,13598.654477682167,Self-Employed,Single,South,1,0
C0911,51,52048.02996624106,777,5870.07879186185,Employed,Single,East,1,0
C0912,23,,651,8429.270727723917,Employed,Married,North,0,1
C0913,19,52770.204587973625,794,23833.277446457178,Retired,Single,South,0,0
C0914,30,29793.10565705455,726,5819.640062487304,Employed,Single,North,1,1
C0915,60,,338,11077.546783789452,Self-Employed,Single,South,0,1
C0916,60,68006.20861916638,486,20723.03141025045,Employed,Married,East,0,0
C0917,65,,392,16048.566495986834,Employed,Married,South,0,1
C0918,28,34296.3352597709,385,19640.225355028462,Employed,Single,East,1,1
C0919,68,58049.79128790929,343,17714.141756353383,Employed,Married,South,1,0
C0920,64,67785.56231994496,436,22347.912686804433,Employed,Divorced,East,0,0
C0921,40,60784.299659976,720,16477.136432824424,Unemployed,Single,South,1,0
C0922,33,64940.715287087245,373,18317.238645757556,Employed,Single,South,0,0
C0923,48,38648.073671458085,847,11378.767339708298,Employed,Single,East,0,0
C0924,28,28672.839998872343,811,17931.664877890682,Employed,Married,North,0,0
C0925,33,,455,13019.369510053857,Self-Employed,Married,East,0,1
C0926,25,,554,12734.470660096438,Employed,Single,East,0,0
C0927,21,46237.50475317429,470,19473.617573235686,Employed,Married,South,1,0
C0928,57,,469,19508.11688029682,Employed,Single,North,1,1
C0929,21,58343.4501410099,621,23442.210778730656,Employed,Married,North,1,1
C0930,42,56838.31658122411,755,23116.315927431006,Employed,Married,West,1,0
C0931,20,82475.03517351625,454,19586.575806793877,Unemployed,Single,East,0,0
C0932,49,40347.22654429785,648,6397.771948816437,Employed,Married,North,0,1
C0933,20,,750,24138.404914748484,Employed,Single,South,1,0
C0934,44,50855.19687345627,472,19589.838353331812,Employed,Married,South,1,0
C0935,46,54028.88418294885,309,11170.699549568486,Unemployed,Single,West,0,1
C0936,49,72927.02639618798,564,18644.54577781391,Employed,Married,North,0,0
C0937,67,57617.53634434436,737,9813.67129518636,Employed,Single,North,0,1
C0938,68,,546,18093.15060054871,Employed,Married,West,1,0
C0939,36,66087.61005964704,845,8418.649794629504,Employed,Single,North,0,1
C0940,38,,798,10958.907956066818,Employed,Married,North,0,1
C0941,22,37411.85498991491,428,18549.645646002635,Employed,Single,West,1,1
C0942,35,,626,20364.433714964467,Employed,Divorced,East,1,0
C0943,45,,703,16627.184297169053,Employed,Single,North,1,1
C0944,59,,658,13569.156816560147,Employed,Single,North,0,0
C0945,150,33451.87451417475,316,4425.668524915047,Employed,Married,North,0,1
C0946,38,46681.19564621342,573,13954.894501743202,Employed,Single,North,1,1
C0947,23,45847.80050166619,415,17667.42538412264,Self-Employed,Single,West,0,1
C0948,18,54611.10046713651,390,13416.174470321765,Retired,Divorced,South,0,0
C0949,22,62236.05818808945,381,14887.110294527909,Retired,Divorced,East,0,0
C0950,58,62907.10232539618,623,14071.912660410397,Unemployed,Single,West,1,1
C0951,29,,413,13391.468910892832,Self-Employed,Divorced,South,1,0
C0952,43,47493.174293203825,357,15379.386949799064,Self-Employed,Married,North,0,0
C0953,63,54238.69925732449,453,13636.527089237698,Employed,Single,South,0,0
C0954,51,46269.633107246795,703,22216.447768159713,Self-Employed,Married,West,0,1
C0955,66,74110.18364029989,565,3967.905758081335,Employed,Married,West,0,0
C0956,31,57364.62427457377,614,12270.787070144612,Employed,Divorced,North,1,1
C0957,43,61023.16679074726,340,10648.718882413874,Self-Employed,Single,East,1,1
C0958,62,59943.21903001119,404,16095.55300017205,Employed,Married,South,0,1
C0959,44,67602.10786227987,492,15385.723929415632,Employed,Single,West,0,0
C0960,26,,700,23110.965507747143,Retired,Single,North,1,1
C0961,43,30547.5207806623,577,24755.710241488974,Employed,Single,South,0,0
C0962,64,55995.31927628962,653,11134.582722147594,Employed,Divorced,West,1,0
C0963,39,40229.64659312257,555,15002.500325168148,Retired,Married,South,0,1
C0964,64,42070.74977375365,398,15981.522084621776,Self-Employed,Married,South,1,1
C0965,47,58795.4602813264,581,11010.93125831332,Employed,Married,North,0,1
C0966,60,68574.24607150453,702,18141.910180188115,Employed,Single,North,0,0
C0967,65,,408,13802.463156175278,Employed,Single,South,1,0
C0968,34,,498,9661.82574699511,Unemployed,Single,West,1,1
C0969,43,75533.22416952858,602,13602.158478667285,Employed,Single,North,0,1
C0970,53,53611.297692328524,626,10011.627136296756,Employed,Married,South,0,0
C0971,18,89025.24671270592,453,20183.23414709628,Employed,Married,East,1,0
C0972,25,58482.64468447316,704,24507.79627556835,Employed,Single,North,1,1
C0973,66,23588.558612662735,761,16224.096869472698,Retired,Single,South,0,0
C0974,52,,431,15556.383840266379,Employed,Single,East,0,0
C0975,150,55717.37577324166,383,15762.17383437093,Self-Employed,Married,West,1,0
C0976,32,69346.29131124119,698,20911.170144691576,Employed,Divorced,East,1,0
C0977,64,,408,20803.495017985915,Self-Employed,Married,East,1,0
C0978,39,47923.16024024339,520,14421.732157258846,Retired,Married,North,1,0
C0979,-5,31635.526455659514,667,16262.949636895457,Employed,Married,West,1,1
C0980,43,46864.65114070962,446,18263.23203588539,Employed,Single,North,0,0
C0981,45,,411,9311.56271724633,Employed,Single,East,0,1
C0982,40,,793,21063.04118710228,Self-Employed,Married,North,1,1
C0983,31,,804,23674.159456136138,Employed,Married,West,0,0
C0984,41,75048.56756527109,774,20825.160524197287,Unemployed,Single,East,0,1
C0985,19,55920.07294734471,570,8772.030441927225,Self-Employed,Married,East,1,1
C0986,62,32061.754069472234,720,5149.997722905629,Unemployed,Married,North,0,1
C0987,43,56669.040023302114,666,18543.59336758966,Self-Employed,Married,South,0,0
C0988,31,,579,11199.052755189568,Employed,Divorced,East,0,1
C0989,68,40853.25643520927,582,16435.666770614927,Employed,Married,East,1,0
C0990,24,,339,22675.743600037742,Employed,Married,North,1,1
C0991,20,50220.32292093796,488,11715.22411800795,Retired,Single,West,0,1
C0992,64,,463,13112.2267179552,Self-Employed,Single,West,0,1
C0993,40,59724.20650765789,835,16383.61486294158,Self-Employed,Single,North,0,1
C0994,63,48185.77777088327,835,8512.451800088847,Employed,Single,West,0,0
C0995,60,,303,11210.71901997062,Employed,Married,South,0,1
C0996,64,36687.6173329685,589,15124.287518756346,Self-Employed,Married,South,0,1
C0997,62,43438.125495148844,732,13497.725655911243,Employed,Single,South,1,0
C0998,35,60835.72036741657,770,18042.03876899613,Employed,Married,South,0,0
C0999,55,44407.502718623495,480,28829.898072196338,Self-Employed,Single,East,0,0
C0664,31,33555.87369657197,702,19123.74503286149,Employed,Single,West,1,1
C0588,27,49296.19131681224,793,19145.649136680568,Unemployed,Married,South,0,0
C0219,29,65735.13838755334,676,6701.222072609686,Employed,Single,East,1,1
C0418,60,55530.099633093516,565,23169.74091761824,Self-Employed,Married,South,1,1
C0805,50,,606,1678.3383946277645,Retired,Divorced,West,0,0
C0129,40,,497,21238.784170381077,Employed,Single,North,0,1
C0075,43,43511.627182705684,612,19049.28920818513,Employed,Married,East,1,0
C0358,44,49258.044355213504,582,19253.238338911255,Employed,Married,North,1,1
C0097,58,67156.31064810394,369,14232.578605220717,Employed,Married,West,0,0
C0212,49,58896.51886952575,775,15678.592952739993,Employed,Married,West,1,0
C0040,20,40060.643615812296,482,20437.320870157484,Employed,Divorced,South,1,0
C0553,49,73609.80144935049,390,19318.95912284831,Employed,Married,West,0,0
C0018,19,63892.66321297462,520,22298.6593751897,Employed,Divorced,South,0,0
C0918,28,34296.3352597709,385,19640.225355028462,Employed,Single,East,1,1
C0730,66,39223.89101646204,603,9609.689250181429,Employed,Married,West,0,0
C0427,41,82448.8208495819,649,17802.406994024677,Self-Employed,Divorced,North,0,0
C0710,56,,382,6278.346403608712,Employed,Single,North,1,1
C0498,62,61787.00237976248,424,9925.32596845179,Self-Employed,Married,North,1,0
C0163,47,45909.146453784946,735,10133.788433137332,Unemployed,Single,North,1,0
C0091,35,46713.49206786704,527,19659.898774797875,Employed,Married,South,0,1
C0340,37,84483.47185428876,849,15754.351066387673,Employed,Single,North,0,1
C0693,36,,653,18575.812003803425,Self-Employed,Married,North,1,1
C0078,27,,487,20557.89328565984,Employed,Single,West,1,0
C0534,27,40228.72994578327,658,23513.48244173968,Unemployed,Single,East,0,0
C0696,62,,540,24547.093261467468,Retired,Single,North,0,0
C0209,41,67389.94705046373,495,12538.209630032434,Employed,Single,East,0,1
C0657,53,60517.591134663475,514,16491.959232831523,Unemployed,Divorced,West,0,0
C0467,62,53650.091739840376,306,20564.52833690466,Self-Employed,Married,South,0,0
C0297,29,59310.08146326017,564,14065.652015748004,Employed,Divorced,North,0,1
C0138,18,38142.88316832032,734,23321.585490623176,Employed,Single,South,1,0
